AUS,CHN,HKG,IND,IDN,JPN,MYS,MMR,NZL,PAK,PHL,QAT,SGP,KOR,TWN,THA,USA,VNM,ds
618.538276190475,5031.4826047619,1316.1171047619,715.041276190475,533.06419047619,2470.4768,715.041276190475,22.9769047619047,105.234223809524,78.5810142857142,164.514638095238,241.717038095238,1192.50135714286,1412.6201047619,1006.38842857143,620.835966666666,4259.4586047619,226.092742857143,2010-01-01
613.970920000019,4367.14556500013,1086.00729750003,728.628140000022,516.419817500016,2625.55787250008,631.539365000019,30.0512875000009,106.797652500003,76.2840375000023,165.050917500005,248.269867500008,1076.29842000003,1527.53006000005,777.172527500023,655.11806750002,4332.47100250013,166.900227500005,2010-02-01
699.77017608696,5121.89718695654,1364.80323043479,925.561467391308,583.675058695655,3029.89973695654,818.150630434786,34.2800543478262,130.26420652174,90.4993434782613,191.054169565218,259.614278260871,1338.75038913044,1705.31843695653,1077.30784130435,735.421432608699,5038.71092173915,248.644660869566,2010-03-01
769.385686363626,5354.87076136357,1394.45570681816,810.491077272717,537.944463636357,2817.95326590905,723.812318181809,29.4886499999996,126.44375681818,86.2319613636352,161.293979545452,267.185040909087,1309.11734090907,1755.9150681818,986.976179545442,616.580863636356,4567.16636818176,237.249593181815,2010-04-01
829.483942857132,6013.75858571421,1491.33539285712,789.288685714275,576.436528571421,2642.38139285711,734.476971428562,26.9490928571425,134.288699999998,93.179914285713,193.668057142855,215.59274285714,1267.52089285713,1776.35630714283,1174.34097857141,750.006957142847,4817.03615714279,279.996507142853,2010-05-01
872.714865909149,6365.30322272769,1592.48448181829,957.993429545518,571.459070454583,2990.77484318202,749.895195454595,30.1255795454565,121.429259090917,98.2557363636429,211.342527272741,236.833402272743,1358.89537272736,1948.89326136377,1065.05510454552,828.221702272782,4956.35304090942,285.034329545473,2010-06-01
860.547999999995,6732.08690909087,1558.15199999999,784.630909090905,578.173454545451,3157.03999999998,799.443999999995,32.8665454545453,117.578909090908,100.451272727272,208.771999999999,252.748363636362,1372.06254545454,1871.07854545453,1117.46254545454,715.194545454541,4815.64327272724,274.04218181818,2010-07-01
856.961836363653,6293.42648181831,1687.25661136367,802.271761363652,620.574156818194,2754.84303409096,757.073352272742,37.0626954545462,101.696420454547,99.8884840909111,215.596411363641,261.24680454546,1426.00980681821,1648.8379636364,1099.22530909093,734.926131818196,4831.70993181828,305.089261363642,2010-08-01
838.663700000046,6406.91320000035,1595.09680000009,839.105800000046,538.47780000003,3059.33200000017,717.086200000039,29.1786000000016,101.240900000006,95.4936000000053,236.081400000013,256.418000000014,1381.12040000008,1742.3161000001,1002.24070000006,792.243200000044,4765.39590000026,267.028400000015,2010-09-01
879.481516666666,5897.34226666666,1533.3437,827.849399999999,624.791999999999,3032.8445,768.841266666666,27.7685333333333,119.7518,101.094816666667,207.830116666666,246.445733333333,1416.62908333333,1880.45036666666,1061.71251666667,736.733899999999,5102.03411666666,265.5366,2010-10-01
852.064718181802,6677.12065454533,1533.80361590906,983.620722727254,680.867665909078,2873.32253636358,736.626502272713,25.7013386363631,122.843686363634,100.627274999998,180.780602272724,280.972261363631,1332.54906590907,1797.35124090906,1073.79321590907,760.585377272713,4903.72828863627,284.021572727267,2010-11-01
930.529486956486,6770.28299999974,1429.62367826082,1025.86702173909,739.415073913015,3218.63032173901,803.998565217361,29.4360130434771,124.773547826082,108.07849565217,184.524260869558,308.85846521738,1394.91554347821,1939.70145652167,1056.62106521735,745.565882608667,5126.25970434763,321.599426086944,2010-12-01
776.620928571411,6668.7620476189,1613.42444761901,1004.0757190476,646.520328571414,2661.75207142851,790.78153809522,26.1086238095232,111.514799999997,113.727395238093,177.007619047615,354.900276190468,1458.98529999997,1967.88220476186,1133.29128095236,712.455666666651,4860.18669999989,315.073561904755,2011-01-01
771.225575000003,4224.48094000002,1278.09337500001,1015.48342,630.089110000003,2959.05926000001,718.354020000003,22.7216600000001,128.901725000001,103.558335,171.723315000001,294.507670000001,1239.64133500001,1680.96588500001,939.453250000004,789.577685000003,4770.67469000002,208.864490000001,2011-02-01
952.37203695653,6618.74636739136,1571.91419347827,1323.48823043479,712.212436956528,3116.41886739133,895.812710869573,30.0199500000002,145.749032608697,123.125302173914,189.691278260871,373.726623913047,1580.18055652175,2090.51970652176,1198.62264130436,909.299934782616,5714.66729347831,321.518015217394,2011-03-01
949.705559523895,6725.74820238156,1401.86396428584,1014.54663095247,715.413154761969,2674.47805952405,837.314369047694,27.2332500000024,158.212214285728,111.094369047629,186.310011904779,381.265500000034,1474.91823809537,2098.25707142876,1193.50798809535,739.620488095304,5358.0338690481,315.127607142885,2011-04-01
1050.54175227279,6781.24053409131,1554.87087954555,1145.10346363643,789.741415909137,2529.84962045469,793.195725000047,27.6344727272744,158.898218181828,112.696834090916,177.896918181829,405.449529545478,1477.58071363645,2043.65561590921,1216.7803772728,820.398409090957,5361.51949772759,305.274565909109,2011-05-01
1027.31719999999,7029.69799999993,1629.98679999998,1152.36679999999,798.493799999992,3114.08239999997,847.124199999992,28.6571999999997,140.246599999999,113.760399999999,179.324599999998,420.305599999996,1530.12079999999,2029.45079999998,1105.03899999999,874.044599999991,5424.89479999995,358.214999999997,2011-06-01
1026.13797857146,7491.79103571449,1571.50101428576,1130.50549285717,745.115614285735,3112.20505714294,852.905014285738,29.0860285714294,134.736750000004,109.928078571432,190.770128571434,383.25120000001,1480.3933071429,2093.76632142863,1218.19131428575,863.170671428595,5138.81687142871,386.673085714296,2011-07-01
1103.71054999995,7356.9378869562,1687.6282130434,1051.90112826082,792.004684782574,2945.49302608683,834.896091304311,30.5760521739117,117.208199999995,101.920173913039,177.086302173905,451.846104347806,1567.87200869558,1944.55198478252,1110.50522826082,882.8835065217,5377.13850869542,383.899321739113,2011-08-01
1039.59392727263,7309.0521636357,1503.35970909077,1144.76014545444,755.989945454477,3351.09568181788,821.503327272653,30.1706363636336,120.251536363625,99.1320909090819,168.09354545453,416.354781818144,1533.0993363635,2004.623281818,1076.66070909081,890.033772727192,5471.2293999995,340.066172727242,2011-09-01
1027.38371428574,6821.04757142876,1704.06978095243,1024.34924761908,735.207923809545,3109.46134285723,876.093876190501,32.0786476190485,132.216047619051,95.8024476190503,180.334019047624,407.485523809535,1471.28283809528,2020.52130476196,1189.51093333337,741.710352380973,5676.6201428573,351.998133333343,2011-10-01
969.119240909206,7554.97114090999,1550.93736363655,1008.10928636376,746.87598181827,2903.02549545489,781.10057727282,31.6252590909128,131.266486363652,89.2438818181924,145.996059090926,419.35960000005,1445.66424090926,1993.25776818205,1080.45748181831,665.863331818261,5441.71067727337,373.004768181862,2011-11-01
1080.35253181815,7628.43344545429,1526.82252272722,1108.31151363633,746.155327272702,3155.87007272717,840.080031818153,36.6961636363624,145.037218181813,90.8666909090878,148.968949999995,463.070636363621,1504.54270909086,2085.56529999993,1061.13073181815,698.537686363613,5536.75211818163,383.12542272726,2011-12-01
843.268602272757,6530.86474090932,1455.56440909096,1106.05463181822,678.53706136366,2555.51787272736,772.669370454573,20.0466954545462,130.30352045455,95.4397022727306,179.54866363637,454.537029545471,1385.40097500005,1795.4866363637,931.299743181851,682.895038636388,5130.21084545473,295.470859090919,2012-01-01
875.573742857164,4881.79297857155,1429.42107142861,1074.83930714288,669.907785714302,2960.39504285722,804.316035714306,29.8685000000007,128.00785714286,98.5660500000024,189.02493571429,448.880885714297,1541.21460000004,1976.44131428576,1014.2489214286,802.609264285734,5270.08347857156,340.927592857151,2012-02-01
947.018684090923,7105.00016818192,1450.77941590911,1237.51784545456,740.193579545465,3228.96039772732,874.072070454558,32.182329545455,148.467813636366,100.40886818182,185.370218181821,475.869379545462,1534.88257045457,2030.91954318185,1147.40732272729,852.188086363649,6008.22637727282,396.915397727279,2012-03-01
939.234826190425,6961.2620261901,1464.11389761897,1015.19293571423,690.023949999962,2914.14567380937,807.374961904718,33.7117452380934,135.700442857135,102.842159523804,198.003161904751,462.149621428546,1504.65333809516,1966.8029595237,1104.37970476184,716.054538095199,5430.5780999997,367.842080952361,2012-04-01
973.95345217398,7770.59468695705,1628.54975652185,1065.38231304355,722.416773913093,2820.12965217411,816.42109565223,30.4762869565238,146.801269565227,107.310869565225,211.617034782623,489.337565217425,1483.89470434793,2011.86418260883,1134.91975652182,888.534000000061,5626.95275652212,402.201139130462,2012-05-01
958.994771428651,7685.20631666731,1532.51125238108,1064.97993333342,659.84310476196,3039.80829285739,820.957645238163,30.3425261904787,139.746564285726,102.138926190485,184.19195476192,465.39452142861,1446.61198809536,2015.42751428588,1057.71482142866,838.479385714355,5661.65897142904,417.10289523813,2012-06-01
939.499909090874,7413.7521818179,1492.63990909085,967.994999999963,674.244136363611,2817.24259090898,768.529363636334,35.1998181818168,133.675499999995,101.828045454542,198.208499999992,424.493045454529,1402.54513636358,1871.87604545447,1056.8326363636,802.89109090906,5083.85945454526,415.693090909075,2012-07-01
917.651008695681,7483.84158260893,1690.56476521744,973.189721739161,591.150695652192,2698.25580869574,751.876365217415,37.0258086956533,112.760417391308,100.979478260873,160.304921739135,398.44819130436,1406.98073043483,1811.3193913044,1053.97330434786,826.348730434809,5406.60956521756,422.851565217405,2012-08-01
857.9739400001,7766.83413000091,1685.4847975002,1039.08322500012,663.510975000078,2860.19133500034,813.322572500095,33.3842000000039,112.671675000013,102.656415000012,200.722502500023,499.511092500059,1409.64784500017,1894.97065250022,1147.99917750013,854.2182175001,5349.81805000063,382.666392500045,2012-09-01
868.818286956656,7268.58845217503,1586.89784347851,995.124091304501,634.427843478359,2699.63127391346,830.71948695665,28.9882173913088,117.609339130453,96.0752347826235,182.625769565246,373.533886956579,1490.40849130458,1950.07879565247,1113.14754782626,798.83244782621,5533.43658260955,419.086800000065,2012-10-01
847.630436363567,7368.59149090848,1631.57559999987,955.279090909012,670.544290909036,2531.79774545434,784.356036363572,36.5676727272697,128.19229090908,95.3224727272649,148.325054545442,386.631236363605,1402.71949090898,1964.38250909075,1036.63189090901,801.612690909025,5343.81069090865,417.857563636329,2012-11-01
941.402980952422,8171.00032857178,1646.42927619055,1044.81778095243,631.568957142885,2599.73316666678,772.7383666667,34.4716000000015,138.707152380958,90.2827619047658,162.919347619055,466.187352380973,1293.09537619053,1841.76834285722,1086.26577619052,744.012033333365,5361.15455238118,413.659200000018,2012-12-01
776.562408695577,7630.76461304274,1602.01646956506,1050.35566086946,626.628008695591,2192.38316956501,763.524634782535,40.3356130434744,114.080521739119,101.042747826077,183.751126086939,483.212495652127,1373.04056521726,1860.73479565199,1060.54142173903,737.856517391233,5009.35719565169,459.988960869521,2013-01-01
799.882725000004,5670.41545000003,1132.45483000001,1085.64235500001,611.411630000003,2307.24442000001,689.568110000004,30.9369400000002,133.517320000001,88.3331050000005,169.746105000001,458.762255000003,1193.92164500001,1723.10614500001,811.280545000005,731.088740000004,5019.11145000003,286.573760000002,2013-02-01
902.510742857121,7423.08971428553,1532.7192380952,1244.92674285711,612.272419047604,2697.74891428565,787.149161904743,50.1394857142845,149.195542857139,101.909523809521,191.5899047619,458.592857142846,1358.2501333333,1928.53582857138,1129.97279999997,836.473371428551,5565.48291428558,416.198495238085,2013-03-01
889.831040909047,7697.1826227269,1539.60123181811,1009.65558181813,607.769836363607,2433.96172272715,753.947540909054,44.4709636363615,137.942340909084,103.353813636359,185.707449999991,492.474745454521,1458.48289999993,1900.72192727263,1049.59709545449,717.300172727238,5324.57435909065,398.179831818162,2013-04-01
928.200130434842,7552.94431304396,1552.92636521749,1030.32281739137,666.898356521782,2358.33120000015,764.059617391353,28.9416521739149,139.746834782618,101.295782608702,212.100965217405,439.913113043506,1467.7552173914,1997.38745217404,1120.45539130442,813.260426087008,5490.23141739165,468.441313043508,2013-05-01
903.501375000061,7485.78600000051,1537.1982500001,1031.10000000007,634.126500000043,2671.40825000018,775.473125000053,35.2292500000024,136.620750000009,102.680375000007,192.901625000013,451.106250000031,1429.7920000001,2005.91912500014,1158.26900000008,814.998625000055,5772.01187500039,460.558000000031,2013-06-01
887.710052173915,8058.74281739132,1706.93466086957,1120.04041739131,654.079330434784,2590.31019130435,824.859486956524,33.8092695652175,131.336008695652,109.6634,210.65775652174,454.257878260871,1523.58439130435,1986.51131304348,1118.30660869565,821.825321739132,5513.51165217393,486.766791304349,2013-07-01
939.27865227273,8364.80553863638,1741.11260227273,1156.64327727273,574.369554545456,2594.32364545455,842.672152272729,38.6426000000001,115.9278,105.828029545455,217.803745454546,467.224163636365,1497.40075,2033.56682500001,1141.71318181818,884.388595454548,5817.02866136365,504.549402272729,2013-08-01
924.688766666552,8105.68000714185,1792.95139761883,1230.87709999985,643.432911904682,2631.47001904729,851.640978571323,35.8677761904717,136.035102380935,113.727095238081,221.330423809496,428.226254761852,1570.30873809504,1953.04415476166,1122.83635952367,845.079799999895,5611.99473809454,470.655209523751,2013-09-01
935.397739130468,7994.45789130463,1798.31078260876,1185.64252173917,677.386739130459,2690.99432608705,912.530543478293,41.8512826086971,153.167065217397,103.549565217395,217.02263043479,462.089934782625,1698.64432608702,2177.99252173921,1170.97300000004,827.96506521742,6124.95678260891,525.514043478279,2013-10-01
891.73935714288,8807.5605714288,1830.11415476195,1054.7454761905,694.737309523827,2570.17936904768,848.59067857145,49.6863571428584,161.262738095242,94.1425714285738,188.285142857148,439.332000000011,1471.84936904766,2088.13453571434,1143.65790476193,816.338130952402,5928.36692857158,506.016321428584,2013-11-01
1017.2407227273,9167.54492272751,1772.76631818187,1166.66591363639,750.220559090929,2610.5199772728,894.340713636387,56.1449681818197,173.297854545459,100.353604545457,219.274836363642,479.663704545467,1469.49507272731,2121.13037272733,1183.90728181821,815.649340909112,5823.60366818197,495.578813636377,2013-12-01
878.569786956557,9313.82942608733,1759.83871304355,1209.66418695657,650.942386956548,2273.12500434792,871.372082608731,32.8395260869579,152.051504347832,114.713413043483,196.137443478269,568.618643478284,1524.56375217397,2049.54631304356,1113.39489130439,801.644321739163,5684.83686521762,515.535573913064,2014-01-01
904.276799999918,5115.71274999953,1231.26974999989,1137.0742499999,656.22864999994,2546.86689999977,799.316099999927,24.2216999999978,169.551899999985,106.75489999999,208.575749999981,493.404999999955,1429.08029999987,1924.72804999983,968.419449999912,822.192149999925,5536.9011999995,412.665999999962,2014-02-01
974.604495238158,7614.09761904811,1740.04525000011,1358.89248095247,680.34201666671,2795.26960238113,887.266316666724,43.445145238098,193.48765714287,110.180471428579,236.037026190491,531.643169047653,1582.83652857153,2197.33899523824,1265.73175714294,886.370540476247,6363.59405714327,530.747392857177,2014-03-01
924.949043181809,8408.42485227265,1643.75893636362,1152.50524772726,637.60356136363,2639.65197272725,908.440063636355,37.9260340909087,173.121190909089,107.531461363635,203.462018181816,448.41957954545,1638.40467272726,2242.99027499998,1209.61739318181,767.890643181811,5969.11157727267,568.890511363631,2014-04-01
900.561470454587,8588.48481818221,1733.06490681826,1230.31362272733,650.722622727303,2418.03608863647,881.241770454586,32.0531386363651,173.877300000008,104.502013636368,260.376865909103,460.599211363657,1528.45172045462,2089.16210454555,1192.11330681824,852.262220454585,6061.11679090937,528.218161363661,2014-05-01
900.41292857149,8183.02280000056,1747.80884285726,1136.14147142865,675.200157142903,2550.5127285716,833.8130428572,37.2433571428597,158.612885714297,102.528771428578,239.233800000016,400.475628571456,1523.47238571439,2095.70561428586,1197.92162857151,856.159057142916,6058.39881428613,521.407000000036,2014-06-01
909.287800000059,9246.7441000006,1829.44185000012,1122.26630000007,613.72580000004,2645.71455000017,834.962650000054,43.0303500000028,139.957300000009,104.316000000007,236.014950000015,458.12110000003,1526.0561500001,2095.01300000014,1185.29055000008,818.445950000053,5785.19150000038,551.570850000036,2014-07-01
893.48600000007,9124.50678333405,1849.16563333348,1175.10928333343,634.199866666717,2426.86565000019,880.784483333402,25.4030333333353,130.08105000001,97.670283333341,239.576883333352,462.94838333337,1502.72081666678,2019.54115000016,1250.44241666676,822.532700000065,6015.26310000047,562.370600000044,2014-08-01
851.296377272701,9439.40053636334,1893.09573409085,1276.94456590905,675.379472727252,2634.33354545446,886.214556818154,88.842456818179,130.390670454541,104.312536363633,258.571329545446,442.886277272713,1550.98597499995,2097.30078409084,1185.89209772724,871.186479545427,5890.56428863618,539.684774999983,2014-09-01
862.818478260938,9267.79100000073,1916.57756521754,1161.33126086966,685.324391304402,2773.56921739152,892.400826087027,49.3039130434822,142.084913043489,106.227521739139,230.831956521757,400.706347826119,1558.00365217404,2314.14639130453,1223.63347826097,897.331217391375,6511.25404347878,609.575652173961,2014-10-01
818.44489999996,9513.74741999953,1895.01472999991,1191.69174999994,608.88702999997,2394.17617999988,856.668974999958,44.5198049999978,141.653924999993,96.2347299999953,232.492314999989,405.17519499998,1421.48589499993,2096.0283949999,1223.62009499994,826.539409999959,6051.5456149997,578.307769999971,2014-11-01
868.583426086874,10161.6218413034,1801.95316739113,1169.28128913032,645.182339130373,2578.94214782584,869.923832608613,47.8078326086911,153.253145652159,104.998510869555,214.46504347824,428.483284782568,1409.66085869552,2209.8835521737,1164.36646521728,840.434889130355,5967.48983478204,557.609113043425,2014-12-01
715.301079545522,8908.06104545539,1792.93223863653,1088.3272500001,590.067681818238,2314.36667045476,790.619386363711,42.7843636363677,125.233397727285,104.286886363646,194.312318181837,375.254522727308,1412.32967045468,2010.41942045474,1133.3399659092,770.564215909164,5411.33065909142,697.919931818248,2015-01-01
711.089760000095,7471.306900001,1302.33790000017,973.326220000131,538.181740000072,2215.9644200003,653.601160000088,53.5086200000072,127.801580000017,92.8662000000125,199.441220000027,301.59404000004,1105.10778000015,1833.88634000025,888.419980000119,759.291740000102,5227.9248400007,527.126240000071,2015-02-01
756.375493181892,6420.95570227335,1699.28502500017,1069.78829318192,606.792111363696,2561.61541363661,804.010677272806,53.4226363636416,162.939040909107,101.948197727283,241.737429545478,337.007797727306,1451.76014318196,2084.37319545475,1137.90215454557,840.516145454627,5929.46744772785,702.507668181887,2015-03-01
654.06221590913,7810.55965909137,1672.67642045465,983.091477272786,581.684659090944,2432.41875000014,737.984659090953,47.5116477272756,138.982670454554,97.2434659090967,196.707102272739,289.066193181835,1377.83778409099,2052.32556818194,1056.35710227279,748.197443181863,5690.29687500034,709.56647727277,2015-04-01
725.642000000072,8420.48000000084,1679.19000000017,1004.8380000001,568.650000000057,2119.39200000021,749.280000000075,27.6520000000028,143.612000000014,94.9980000000094,218.540000000022,251.544000000025,1311.68600000013,1887.91800000019,1156.47800000011,818.410000000081,5713.70600000057,723.858000000072,2015-05-01
741.537963636404,8538.94930909137,1740.76712727282,1005.53629090915,608.637781818215,2367.87578181831,774.875636363678,42.7983636363659,130.647636363643,98.2109818181871,241.472872727286,296.434981818198,1372.70120000007,2097.11981818193,1053.29025454551,801.005163636407,5898.51552727305,757.305781818223,2015-06-01
719.789365217301,8749.81206956412,1875.34799999977,1054.54351304335,519.571052173848,2449.27696521709,753.310078260775,57.9817739130362,125.47618260868,96.0323130434662,243.251660869535,303.045365217353,1395.18643478243,2070.13052173887,1078.09860869552,824.881330434679,5621.06119130364,769.617452173817,2015-07-01
727.639838095182,9073.98796190407,1833.67089523795,998.249695238019,588.865552380907,2207.43630476174,757.245019047561,39.7819619047589,112.407171428563,95.7542571428498,237.30402857141,271.997599999979,1262.38341904752,1809.15410476177,1120.83364761896,818.305704761842,5689.74571428528,792.401171428511,2015-08-01
722.8077045453811,9580.70859090811,1910.81182954526,1022.49705681808,588.625420454485,2494.29437499975,761.613034090831,38.8053295454506,108.935443181807,101.454897727262,231.896909090885,272.572374999972,1334.34229545441,2030.50055681797,1071.12060227262,870.080943181729,5860.07229545395,775.639056818103,2015-09-01
708.2349454546,8908.0938590916,1911.49274545469,994.680754545532,561.767509090953,2525.17276363656,825.501595454609,30.5913000000024,117.730154545464,96.8724500000075,212.748586363653,262.343572727293,1418.78741363647,2009.29220454561,1128.17006363645,851.921354545521,6048.27081363683,792.12926818188,2015-10-01
676.020933333403,9254.80190000096,1915.0788000002,920.819600000095,523.492533333388,2296.8705666669,738.16213333341,36.7198000000038,126.16546666668,93.2118000000097,241.032533333358,272.573900000028,1262.12543333346,2085.02556666688,1060.16653333344,805.011000000083,5676.97523333392,784.768033333415,2015-11-01
704.318060869487,10533.6147521727,1883.05948043457,1066.39041521727,562.699147826024,2455.67195217364,753.41261739122,48.1504304347772,140.674786956506,99.1332391304237,219.981378260845,267.187682608666,1285.42766739116,2000.60317826065,1059.3094695651,804.395426086867,5655.31526086894,777.487832608609,2015-12-01
576.709297619108,8053.96166666751,1832.82303571448,1007.93380952392,503.016023809577,2151.36815476213,676.551797619119,45.6422857142905,120.761880952394,98.8916190476294,202.537642857164,227.735988095262,1173.86253571441,1723.94716666685,1049.29713095249,743.588904761983,5150.44667857197,778.296059523891,2016-01-01
632.602285714234,5797.74278571381,1251.86657142847,993.204642857062,539.236285714242,2361.77871428552,645.463928571376,43.8248571428536,133.856357142846,100.034999999992,207.691714285697,212.931642857125,1089.90514285705,1711.07485714272,839.817642857074,866.493642857072,5412.84621428527,615.453428571378,2016-02-01
714.298017391222,7226.85078260786,1653.18288695633,1067.48646956509,550.284382608632,2660.56208695622,760.892799999912,54.9818434782545,131.863234782594,101.576626086945,220.393321739105,216.199791304323,1288.81168695637,2003.57565217368,1054.43993043466,871.322434782508,5835.99652173846,830.784973912948,2016-03-01
701.445599999986,7733.06660476176,1706.29425714282,967.735133333315,542.321366666656,2486.60609523805,728.81682380951,42.2166333333325,138.247876190474,95.1034047619029,198.557352380949,174.897480952378,1302.22076666664,1905.77944761901,1022.94149999998,724.641552380938,5512.75004285704,797.476842857128,2016-04-01
712.09417499995,8226.30292499942,1757.99712499988,1049.18017499993,539.337599999962,2184.03637499985,693.367174999951,40.2630499999972,145.13424999999,100.189449999993,226.128524999984,186.333649999987,1295.90839999991,1860.05927499987,1100.67942499992,835.692374999942,5591.88219999961,804.792824999944,2016-05-01
700.870418181852,8207.80609090948,1775.41445454554,1053.16470000005,613.958768181848,2654.75585454558,755.7130636364,44.1529772727294,138.500918181825,97.1365500000046,226.342104545465,226.342104545465,1331.56084090915,2101.2169500001,1060.13622272732,853.314381818223,5805.88412727301,820.31584090913,2016-06-01
747.653085714258,8505.73088571397,1847.9460714285,1021.19618571425,454.335785714269,2595.59915714276,701.042471428545,48.0230571428553,132.769628571424,91.337971428568,225.520042857134,209.041542857135,1298.97661428567,1924.68879999993,1131.8375428571,814.037899999969,5465.21222857122,841.345128571397,2016-07-01
767.536956521739,8805.225,1861.48695652174,1007.21739130435,592.20652173913,2447.63152173913,782.458695652174,50.3608695652174,114.244565217391,91.395652173913,235.017391304348,224.292391304348,1352.28260869565,1870.81304347826,1144.31086956522,843.078260869565,5720.62173913044,896.703260869565,2016-08-01
784.504181818156,8732.36936363607,2013.14817045448,1083.92962499996,598.850886363616,2784.79943181809,788.312454545428,44.271170454544,120.436624999996,91.3985454545424,255.154272727264,227.544295454538,1380.02282954541,1944.59926136357,1070.60067045451,915.413556818151,5923.76822727253,888.279613636334,2016-09-01
821.015342857154,8550.55083809536,1955.35102857146,1129.50049523811,616.003266666675,2733.81669523813,800.707542857154,49.8024619047626,134.901814285716,89.4510238095251,243.693600000003,241.759523809527,1346.60054761907,2029.81296190479,1288.57826190478,850.510004761917,6221.43958571437,910.949885714298,2016-10-01
938.49890909103,9540.74836363759,2166.33545454573,989.268545454673,665.427272727359,2716.42200000035,828.087272727379,43.3760000000056,135.550000000017,91.6810909091027,241.032545454577,247.440363636395,1406.26963636382,2233.37109090938,1236.21600000016,929.626545454665,6086.44145454624,973.49545454558,2016-11-01
1089.8534999999,10405.861499999,2182.6928999998,1197.34589999989,688.249949999937,2864.47339999974,842.521449999923,55.239149999995,153.773849999986,89.5769999999918,247.332049999977,250.815599999977,1456.12389999987,2242.90854999979,1277.46754999988,899.751199999918,6304.23019999942,1016.20129999991,2016-12-01
880.583045454646,8968.51444091012,1900.46736363658,1112.42016363649,666.656090909167,2346.23143636391,783.569659090999,42.2878863636412,138.306263636379,88.0583045454647,278.602545454577,256.21484090912,1406.94285454562,2002.95330000023,1176.59825000014,841.777690909188,5847.17092272794,925.855959091015,2017-01-01
920.720920000045,5943.92620000029,1557.87380000008,1219.29256000006,631.151440000031,2807.67368000014,807.19368000004,56.0134400000027,144.534680000007,81.519560000004,258.061920000013,282.067680000014,1278.80684000006,2159.01804000011,1127.27048000006,913.719240000045,5962.93076000029,878.210720000043,2017-02-01
1029.10219130428,9007.15663043418,2082.32396521725,1451.69737826077,739.667199999951,3213.43189130413,935.136317391242,61.3039391304307,163.81216521738,89.9459434782549,301.494782608676,285.415060869546,1521.04117826077,2444.11770434766,1282.86029999991,1042.16696521732,6832.87675652128,1086.88869130428,2017-03-01
864.333625000081,8855.55880000083,1956.83140000018,1224.51415000011,661.078225000062,2865.00442500027,835.937650000078,58.2864750000054,164.895925000015,89.6715000000084,278.479825000026,249.585675000023,1323.65097500012,2532.72170000024,1202.09627500011,820.992400000077,6173.88277500058,1090.5050750001,2017-04-01
974.383339130421,9429.17838260856,1940.7881043478,1194.29278260868,714.581026086946,2600.51643478257,918.034660869552,52.8580521739123,171.539339130432,80.7830608695641,298.697860869561,262.295617391301,1550.33664347824,2240.48328695649,1262.60932173911,977.873965217377,6376.87519999991,1102.53918260868,2017-05-01
970.325368181958,9726.22587272867,2109.4464000003,1149.10894090926,582.295100000084,2975.39811818225,853.466831818305,49.9395454545527,169.295059090933,95.3845318181956,284.65540909095,250.197122727309,1530.64706818204,2560.40049545491,1282.44752727291,982.310859091051,6627.47707727368,1085.18632272743,2017-06-01
992.132585714305,9734.85762857162,2119.04927142861,1129.45022142859,689.628421428585,2926.74045714291,928.287485714304,67.8987571428585,172.787135714289,82.5932642857159,295.41026428572,266.527957142862,1584.47323571432,2474.25097857148,1365.06904285717,943.995407142876,6191.96128571441,1081.31304285716,2017-07-01
1018.59777391309,10096.2514086961,2168.2163826088,1190.91311304353,774.399408695689,2912.02726956536,979.342504347873,68.3143652173946,137.648347826094,94.8244173913089,304.865600000015,292.12038260871,1667.58424347834,2401.70876521751,1408.09161739137,1071.10806956527,6588.76758260901,1174.59923478266,2017-08-01
1030.04128571436,10093.3847571436,2340.53935714303,1456.84552142868,743.465442857198,3138.0564714288,947.943935714356,67.3096285714335,139.718471428582,85.1568785714349,305.442935714308,273.827807142877,1556.28020000011,2810.68691428592,1463.98442142868,1109.58902857151,6646.31590000049,1125.9065142858,2017-09-01
986.610190909099,9670.52972727281,2206.87767272729,1178.06506363637,784.862045454552,3049.38204545457,1001.53543636364,51.9810272727277,165.721690909092,96.7567636363644,304.166209090912,296.446254545457,1655.67291818183,2305.17842727275,1410.17836363638,1021.09265454546,7015.38002727278,1155.93452727274,2017-10-01
961.440895454629,10985.5692363646,2395.71323181839,1338.07735000012,780.248222727341,3118.95701818209,1018.95430000009,56.4954681818231,162.360850000014,100.266731818191,284.00424545457,298.255354545481,1722.34832727288,2530.0808318184,1455.14003181831,1074.43183181828,6905.68029090969,1091.22778181828,2017-11-01
1047.36497142856,11646.7789714284,2321.60871428568,1400.00802857141,747.542914285703,3252.76748571424,978.446142857128,67.4096571428561,194.180057142854,99.1022571428556,270.644742857139,313.404599999995,1665.62219999997,2466.99222857139,1477.98188571426,989.010342857128,6849.62605714275,1025.7335142857,2017-12-01
1016.04800000004,10093.1820000004,2264.85600000009,1285.74600000005,737.74800000003,2779.96400000011,1059.05800000004,74.382000000003,157.366000000006,99.682000000004,286.396000000011,349.140000000014,1689.02800000007,2490.5320000001,1379.35600000006,1013.01200000004,6327.02400000025,1007.95200000004,2018-01-01
1030.74102500003,8856.06457500024,1631.01136500004,1351.64679500004,733.72144500002,3112.47441000008,933.638470000025,66.9851850000018,169.280390000005,98.6603500000027,271.575595000007,334.925925000009,1532.35101500004,2311.76778000006,1151.21050500003,1036.97220500003,6658.01583000018,732.16365000002,2018-02-01
1130.69970000004,9065.40700000035,2311.96550000009,1520.63210000006,808.536300000031,3630.33320000014,1128.09320000004,73.5033000000028,183.497600000007,109.473000000004,313.822600000012,376.378600000015,1812.56010000007,2674.7903000001,1552.95270000006,1166.14810000005,7796.5628000003,1084.82530000004,2018-03-01
1048.44044761912,10356.3427333341,2190.06403333349,1350.89521428581,754.835476190531,3306.17938571452,1128.60918095246,67.6749047619097,191.051461904776,110.882728571437,285.275752380973,313.907442857166,1761.62982857156,2595.072309524,1382.12978571439,992.218219047691,7195.9246809529,943.804633333402,2018-04-01
1125.25273043474,11063.7651130431,2340.44201739122,1513.23485217386,847.076869565186,3016.01196521728,1083.421773913,67.4524173913019,197.128382608688,105.100278260866,318.438156521727,359.746226086943,1889.19057391297,2650.5139826086,1513.23485217386,1170.74389565213,7609.57387826059,1026.42709565214,2018-05-01
1189.92188095255,11458.113333335,2304.90897619081,1443.42466666688,687.699380952481,3407.14121428621,1044.30392857158,71.7460714285819,181.225261904788,99.9130476190622,314.619809523855,370.422309523864,1805.3437380955,2714.65876190516,1493.91264285736,1156.44038095255,7732.63214285827,1036.86359523825,2018-06-01
1162.78517727273,11451.5912727273,2443.61147727274,1375.36602272728,869.551800000005,3236.24960454547,1136.61316363637,84.3913909090914,193.886550000001,87.5961272727278,318.87126818182,374.420031818184,1905.7498909091,2767.28985000002,1507.29433636365,1082.13264545455,7147.09621363641,1085.33738181819,2018-07-01
1175.30334782609,11563.8123043478,2555.28537391305,1482.32136521739,845.898600000002,3209.83073043479,1065.50176521739,94.8770956521741,143.914695652174,107.136495652174,331.536817391305,412.022443478262,1964.70210434783,2727.98300869566,1493.51473043479,1190.76085217392,7473.96986086958,1227.53905217392,2018-08-01
1150.93178999999,12173.6285999999,2583.25046999998,1505.23082999999,807.974639999995,3242.16026999998,1082.34035999999,82.0936799999995,153.925649999999,92.8954799999994,326.754449999998,402.367049999997,1806.06095999999,2735.55584999998,1591.64522999999,1117.98629999999,7528.31450999995,1121.22683999999,2018-09-01
1175.72139130441,11582.4736695658,2639.44059130448,1438.37107826094,858.060886956564,3464.06353043495,1249.60846956528,77.6623304347864,170.964991304356,102.471130434788,340.312017391321,435.232643478282,2059.66972173923,2958.71906086971,1586.68455652182,1164.39563478267,7932.34413913082,1196.75493913049,2018-10-01
1169.58842727278,11832.5209000005,2454.18374545466,1375.33470000006,783.418500000036,3223.35827272742,1069.35306363641,59.0861090909118,176.203218181826,97.0700363636408,297.540763636377,406.744554545473,1870.18086363645,2715.85080000013,1460.27098181825,1119.4707454546,7347.77970909125,1129.49428181823,2018-11-01
1223.48765714299,11666.9796666679,2295.88832380977,1471.77746666683,754.906676190559,3298.55653333369,1057.60893333345,60.7517619047685,198.103571428593,109.353171428583,249.874638095265,408.35749523814,1676.74862857161,2546.81951428599,1498.71955238112,1026.44063809535,7075.73129523887,1025.3840857144,2018-12-01
1117.45933913056,11432.0652521752,2331.92946086982,1384.89446956537,735.708800000081,2682.74142608725,1088.0939130436,77.0842434782694,156.266017391322,106.449669565229,277.398400000031,393.286956521782,1723.6456347828,2421.07450434809,1422.12563478277,996.851339130545,6810.15693913119,1137.91026086969,2019-01-01
1090.44704999987,7060.77508499915,1520.36492999982,1401.40706999983,667.31185499992,3018.81656999964,853.053074999897,72.0008099999913,171.654104999979,98.0880599999882,273.916124999967,360.525794999957,1536.53902499981,2059.84925999975,1060.18583999987,1022.62019999988,6786.85895999918,710.616689999914,2019-02-01
1165.63293333345,10417.6472666677,2300.78493333357,1720.07060000017,759.395666666744,3403.35386666701,1083.12420000011,90.9172666666759,204.432466666687,103.530066666677,316.896600000032,324.779600000033,1717.44293333351,2470.00666666692,1495.14233333348,1125.69240000011,7806.79766666746,1172.99040000012,2019-03-01
1155.55109999999,10068.6880499999,2131.16489999997,1354.21019999998,679.705349999992,3103.65839999996,1077.02354999999,83.728049999999,193.978649999998,108.690449999999,293.828249999996,307.869599999996,1696.92314999998,2536.80389999997,1329.24779999998,961.052399999988,7024.83539999991,1040.09999999999,2019-04-01
1238.91234782597,11182.6214956512,2284.93074782588,1560.40226086942,771.053043478191,2778.40469565192,1054.3823652173,73.7074434782541,199.166921739112,109.777043478251,324.103652173884,338.740591304317,1781.0018434781,2388.95756521717,1440.17026086943,1085.22448695642,7450.72476521671,1120.24859130425,2019-05-01
1263.47858999997,10993.0915649998,2046.81461999996,1295.03968499997,608.456519999988,3153.00512999994,946.832849999981,69.3309299999986,171.257744999997,87.9571499999982,318.197924999994,319.750109999994,1573.39819499997,2277.05539499995,1459.57129499997,1102.56874499998,7154.53805999986,1086.01210499998,2019-06-01
1266.23716521737,11341.414221739,2216.93784782605,1341.4136043478,779.380226086944,3139.5112913043,1090.82547391303,73.1308217391293,171.831860869562,96.6554217391289,319.627717391299,318.093504347821,1710.13613913041,2356.55123478257,1436.53481304346,1074.46053478259,6824.1796173912,1151.68259130433,2019-07-01
1200.26545454547,11213.088618182,2347.30174545458,1356.29996363638,744.164581818192,3014.2318545455,1013.9633818182,77.2344727272738,138.291454545457,97.0649454545468,328.768363636368,331.899490909096,1702.28952727275,2297.20370909094,1501.8973818182,1141.29589090911,7236.55698181828,1326.03240000002,2019-08-01
1168.54162857142,11363.0779309523,2310.52549285713,1354.44597857142,733.202590476186,3087.47028333331,967.015064285708,77.06959047619,147.369554761904,92.1710642857137,316.610209523807,306.195399999998,1641.37398095237,2324.06474523808,1462.23925714285,1055.54094523809,6997.71051904757,1194.57865238094,2019-09-01
1099.42610652166,10957.2190999992,2286.31240869549,1348.43042826077,765.533947826033,3129.01711739108,1112.80237173905,85.9167804347765,164.116484782597,103.92329130434,326.175082608673,290.676532608675,1758.97887608683,2400.01066304331,1490.42462826076,1051.0657630434,7330.19333912992,1230.61639999991,2019-10-01
1104.48060952378,11239.7144380949,2329.2562119047,1306.49498571425,707.55789047617,2974.38252380944,987.231059523781,77.1512190476169,170.037226190471,102.529909523807,285.256480952373,307.58972857142,1705.95557380948,2235.35505714279,1449.12322619044,989.7689285714,6960.86722380933,1136.9653333333,2019-11-01
1192.83287727271,12118.2476727271,2285.12045454542,1376.1503181818,732.761959090898,3058.50677727268,1057.7568681818,79.7253136363625,185.348659090906,102.068713636362,291.987613636359,327.533931818177,1685.91109090907,2319.14335909088,1496.49999545452,967.367659090895,6878.72037272717,1123.26365454544,2019-12-01
997.967034782621,10762.479352174,1762.97336521741,1314.8546304348,693.795634782617,2526.45375217394,1048.83181739132,72.7366391304356,158.698121739132,100.712269565219,295.015739130438,351.475647826091,1174.4678304348,2192.27213043481,1274.16280434784,1002.03621739132,6567.66073043486,905.90177826088,2020-01-01
932.697180000009,4083.34419000004,1558.55934000001,1409.20587000001,713.239020000007,2919.50473500003,908.312940000008,73.6607250000007,160.021575000001,109.729080000001,275.846715000003,303.278985000003,1073.92257000001,2078.24845500002,1287.28467000001,1030.74214500001,6660.96156000006,1038.87022500001,2020-02-01
1129.96521818183,9419.94942727278,2127.23352727274,1096.7909909091,716.052936363641,3023.95840909093,951.845136363642,82.1700090909096,179.651200000001,92.8878363636369,259.269345454547,328.169663636366,1114.14366363637,2356.3908818182,1441.29258181819,1068.7204909091,6803.2684545455,1209.58336363637,2020-03-01
992.483654545533,10116.5375272735,2024.52465454562,515.766927272768,616.688872727322,2445.45538181838,756.153872727333,73.5360909090967,159.750818181831,48.178818181822,168.372290909104,197.279581818197,962.562072727349,1839.41656363651,1279.02083636374,900.183181818253,4803.17460000038,865.69729090916,2020-04-01
968.087314285848,10446.5376000014,2073.316114286,974.160000000134,528.829714285787,1973.62285714313,730.240457142958,57.6905142857222,165.986742857166,75.9085714285819,229.749942857175,168.517028571452,892.684800000123,1763.60914285739,1366.35428571447,803.618742857254,4606.63817142921,955.941942857275,2020-05-01
1071.05563636367,10657.9800000003,1974.3676363637,1103.10218181822,601.373454545474,2262.78654545462,969.908727272758,60.0872727272746,163.737818181823,82.1192727272753,276.902181818191,189.274909090915,1021.48363636367,1963.3516363637,1357.97236363641,807.673090909116,5263.64509090926,1105.10509090913,2020-06-01
995.178695652072,11702.9852173901,2094.12478260848,1175.04217391292,676.464565217322,2483.99369565192,1072.26304347815,60.2839130434721,159.604130434766,99.8143478260767,281.654347826058,191.722608695633,1069.79239130424,2114.38413043457,1391.47130434768,915.62369565208,5598.49782608638,1212.10195652161,2020-07-01
986.06514761909,11435.1355095243,2168.75783333343,1113.89744285719,637.209838095266,2407.8335000001,921.173180952421,67.3315142857172,141.981671428578,78.0655238095272,268.35023809525,208.825276190485,1118.28862857148,1925.77889047627,1520.32607619054,981.673961904804,5774.40921428596,1329.0655428572,2020-08-01
992.250509090838,11583.2139909083,2376.25549999983,1337.88767272718,677.681854545406,2779.17522727253,1039.82416363629,76.2149363636309,129.613936363627,92.2346363636297,305.345190909069,215.052336363621,1108.75741818174,2321.4001636362,1490.31754545444,945.647745454477,5895.73504545412,1290.31401818173,2020-09-01
1042.8120181817,11463.1681272715,2157.92696363612,1209.25432727259,696.82552727265,3027.01785454512,1064.1632181817,62.5978363636294,153.825690909074,102.388709090898,305.225109090875,209.62996363634,1526.61079999983,2174.91087272703,1563.49014545437,936.056018181714,6436.41629090837,1305.33472727258,2020-10-01
1061.15253333336,12885.9064000003,2363.6955428572,1140.32860952384,736.723733333352,2826.68247619055,993.563200000025,55.5198095238109,172.352800000004,105.24624761905,283.875200000007,221.113676190482,1507.72491428575,2208.72285714291,1542.0023619048,913.9043428571661,6142.42205714301,1198.74510476193,2020-11-01
1279.51782608686,13549.9013695642,2433.48897826069,1309.34117391295,795.60995652168,3107.40043478238,1135.21130434774,67.3430434782559,182.307239130421,114.002152173905,281.397717391284,270.334217391284,1669.62645652162,2469.08458695634,1586.89071739119,959.638369565147,6379.79132608649,1308.37913043469,2020-12-01
1182.70942857157,12662.6833047634,2405.80405714315,1324.05762857159,735.58757142866,2679.36570952413,1067.32314285727,73.558757142866,104.328433333346,103.366880952393,266.830785714318,264.426904761936,1632.23516666686,2308.20649047647,1647.13922857163,946.648319047733,6161.6276571436,1348.57721428588,2021-01-01
1196.46531000007,9872.65017000057,1937.91636000011,1334.61189000008,737.103780000043,2768.24493000016,1045.75995000006,67.6242000000039,113.512050000007,100.470240000006,258.904080000015,288.851940000017,1551.00933000009,2159.62713000012,1342.34037000008,974.754540000056,5998.26654000035,958.331520000055,2021-02-01
1350.20735652179,11686.8973565222,2560.00092173922,1713.14542608702,893.984000000032,3298.99530434794,1241.37452173917,76.2801565217418,140.899652173918,115.149026086961,329.413669565229,297.832713043489,2006.60539130442,2608.58700869574,1742.7829391305,1174.32572173917,7417.63789565244,1416.77029565222,2021-03-01
1323.98879999985,12754.6031999986,2401.69919999973,1490.75999999983,895.4255999999,3189.49919999965,1241.08799999986,58.6607999999935,131.865599999985,107.625599999988,280.214399999969,299.606399999967,1837.8767999998,2483.63039999972,1691.95199999981,1032.13919999989,6982.08959999922,1265.81279999986,2021-04-01
1439.72400000023,12619.9982857163,2431.18228571468,1548.55428571454,810.713714285846,2749.04342857187,1072.48171428589,54.654857142866,146.705142857167,80.0645714285844,284.780571428618,275.192000000045,1706.76571428599,2432.14114285754,1793.06285714315,1102.68571428589,6991.02742857256,1232.13142857163,2021-05-01
1518.71522727273,13514.1548636364,2525.88859545455,1566.44627727273,894.354522727275,3163.26685909092,1229.91826818182,55.927290909091,203.94175909091,144.639545454546,317.242736363637,340.867195454546,1797.38741818182,2641.11810000001,1767.01311363637,1138.79535454546,7138.9258318182,1289.22048181818,2021-06-01
1553.66108181818,14106.3198545454,2691.07339090908,1780.84264090909,971.414304545453,3344.53381363636,1162.48753636363,61.1835545454544,201.604827272727,117.352063636363,325.476449999999,364.593804545454,1848.04425,2781.3442090909,1903.20975,1133.90177727272,7235.20607727271,1374.12245454545,2021-07-01
1537.22028636358,14722.8641409085,2797.73087727262,1676.32842727266,1076.70705454541,3019.7012681817,1136.97050909087,56.2458909090888,152.165222727267,112.993977272723,328.435827272715,350.030231818169,1928.43054545447,2670.17323181808,1985.68082727265,1096.29267727269,7447.55859090881,1353.41674999995,2021-08-01
1388.45669999996,15322.8089999995,2855.36296363628,1700.24342727268,1036.94230909088,3122.39320909082,1337.6656363636,61.8544636363618,155.893363636359,121.194518181815,336.427936363626,406.328509090897,1944.64399090903,2811.61224545446,1992.92064545449,1158.63970909087,7158.01979999979,1343.70021818178,2021-09-01
1425.55474285714,15185.6102095237,2729.26719999999,1813.92702857142,1121.4567047619,3224.25148571427,1395.09417142857,64.9825523809521,190.886247619047,127.426723809523,325.928114285713,390.402990476189,2032.22779047618,2825.72567619046,2036.79687619047,1149.88657142857,8332.99699047615,1443.83108571428,2021-10-01
1494.66177272715,16341.5009999986,3068.94477272701,1602.50318181805,1151.48420454536,3252.87988636336,1352.55299999989,70.0465227272668,207.619909090892,146.644159090897,316.469181818155,442.452136363599,2109.9625227271,3040.22065909065,2094.84456818164,1182.72797727263,7888.04474999934,1578.31445454532,2021-11-01
1572.99933913031,17113.5475826074,3162.62551304323,1978.59333913028,1126.59401739122,3487.1007130432,1482.30751304336,75.0726782608637,207.583513043462,139.56464347825,316.413704347801,524.501060869524,2188.69606956505,3059.84144347802,2049.63526956506,1261.12022608686,8027.73813912981,1713.06782608682,2021-12-01
1576.30328571417,16577.3365714273,3023.89735714263,1806.54407142843,981.471857142783,2826.98764285693,1359.90771428561,66.6621428571378,166.142571428559,134.349857142847,311.773714285691,526.630928571389,2085.49949999984,2843.90957142836,2050.11728571413,1081.46507142849,7581.53678571371,1563.99642857131,2022-01-01
1519.45603000017,11015.1588000012,2063.03463000022,1905.08915000021,1050.74769000011,3199.93440000035,1252.28202000014,68.2037300000074,177.432260000019,145.638040000016,320.506250000035,504.092230000055,1983.54908000022,2777.3789600003,1920.47345000021,1196.89854000013,7720.86736000084,1182.02705000013,2022-02-01
1806.66877391292,14219.3743391295,2483.06221739114,2322.56207826072,1385.61646086947,3719.12173043454,1632.0988173912,78.6867565217339,238.665791304332,144.867008695643,380.927278260844,517.977721739096,2420.52969565201,3324.12463478239,2266.2828086955,1495.04837391294,9343.92206086895,1775.40251304336,2022-03-01
1828.5349999999,13996.0460714278,2581.49178571415,2065.81785714275,1421.61571428564,3333.92821428554,1555.86785714277,72.329642857139,217.509285714274,150.383214285706,321.06035714284,622.34714285711,2302.58035714273,3009.74571428555,2157.4007142856,1177.04785714279,9029.75749999952,1706.25107142848,2022-04-01
1938.12727272741,15918.8345454557,2590.28090909109,2042.89090909105,1125.68527272735,2949.09636363657,1439.45236363647,70.1916363636413,228.384727272743,137.240363636373,333.148363636387,634.867636363681,2278.60909090925,3226.19618181841,2202.13163636379,1339.926909091,9378.96454545521,1595.02636363648,2022-05-01
2173.63993636359,17374.6142318178,2606.11154999994,2271.41612727268,1404.32397272724,3457.08674999992,1782.53517272723,70.9145999999985,212.206568181814,156.334459090906,362.094245454538,592.029463636351,2494.90456363631,3098.75312727266,2266.04380909086,1408.08459545452,9813.07639090888,1736.87046818178,2022-06-01
1811.28342857122,18306.2614666646,2704.06726666636,2143.35205714261,1423.87002857126,3581.19803809483,1687.73600952362,68.7616857142778,219.701971428546,125.224533333319,348.839771428531,667.491485714209,2578.84273333304,3367.6454857139,2416.72168571401,1303.11779999985,9833.48009523696,1689.97216190457,2022-07-01
1960.35921739132,17330.5581739132,2646.01034782611,2067.00365217393,1559.46547826088,3327.75304347829,1766.05417391306,84.3105217391312,184.813130434784,138.470260869566,360.692695652177,728.643913043485,2557.23304347828,3160.80704347829,2250.14173913045,1318.8175652174,10116.1459130436,1914.0163478261,2022-08-01
2038.08818181813,18347.982545454,2950.18309090901,2040.39436363631,1427.52654545451,3551.5199999999,1829.95527272722,104.93127272727,202.943999999994,140.100545454542,417.995454545443,852.710727272704,2548.90745454538,3296.68690909082,2163.19854545449,1436.75127272723,10146.0469090906,1698.50290909086,2022-09-01
1950.82077142879,17242.0375285733,2802.91015714317,1855.68742857164,1452.25158571445,3595.68801428611,1646.04172857161,97.4823142857251,204.94775714288,139.763800000016,455.113214285765,708.214885714365,2351.32040000026,3078.91430000034,2343.6862428574,1281.36391428586,10576.243857144,1765.25202857163,2022-10-01
1900.33748636349,16700.2140999987,2642.1988999998,2004.92213181803,1382.58602727262,3565.07219999973,1611.86774999988,95.3903909090837,232.15492727271,137.339177272717,412.017531818151,674.053786363585,2250.29379999983,2974.91598636341,2075.02832272712,1277.42674090899,9842.44949090835,1637.15194999988,2022-11-01
2001.76129090895,16495.224181817,2484.00630909073,2115.65556363621,1321.17356363627,3617.94879999974,1660.07847272715,98.3379818181747,237.233436363619,127.783818181809,322.793036363613,653.919799999953,2260.10683636347,3047.36627272705,1985.09383636349,1207.279290909,9320.44058181751,1586.18609090898,2022-12-01
1844.19846818186,15624.3219045458,2043.61581818186,1966.70554545459,1226.16949090912,2763.8255863637,1429.43235454548,73.6141181818197,186.782090909095,122.50707727273,298.851345454552,591.659740909103,2054.05364090913,2545.73002727278,1730.48113636367,1128.93293181821,9088.59680000019,1262.42719090912,2023-01-01
1682.17927500015,11450.893440001,2002.15008000018,2031.23833500019,1170.11622000011,3167.32678500029,1407.76177500013,79.5810750000073,175.078365000016,120.194865000011,279.905850000026,572.983740000052,2080.08465000019,2743.62616500025,1703.58384000016,1233.23224500011,8719.3416450008,1392.39439500013,2023-02-01
1897.19986956523,16536.2565000001,2557.66599130437,2294.13563478263,1279.92648260871,3604.13300869568,1587.19631739132,81.4647782608702,212.136469565219,129.031460869566,361.397439130437,566.426243478265,2407.85827826089,3000.52820869567,1923.44355652175,1493.70318260871,10089.0574043479,1580.08865217392,2023-03-01
1652.24411499988,15935.0011599989,2384.05494999983,1914.98798999986,1066.46355999992,3439.45560999975,1315.37880999991,68.5899799999951,226.236304999984,117.819884999992,272.147339999981,494.511629999965,2049.95536999985,2734.1957349998,1987.44998499986,1189.26174999991,8976.99020499936,1501.23552999989,2023-04-01
1782.24045652156,15670.3282956506,2331.69486956499,1949.58697826068,1211.03099565206,2960.91779130406,1473.76503478246,61.3603913043418,240.978991304324,122.162960869553,364.257595652138,494.230060869517,2114.14439130414,2903.46215217363,2014.2942999998,1344.90821304335,9316.18086521648,1523.41116956507,2023-05-01
1768.11072727283,15805.9059272737,2402.28798181833,1914.24480000012,1148.99309090916,3453.11467272748,1492.01772727282,65.8161090909131,211.392418181831,131.074454545463,375.37492727275,446.7686727273,2202.05083636377,3028.65654545473,1802.69207272738,1369.86749090917,9334.73221818239,1622.53441818192,2023-06-01
1589.87039999994,15403.8582095232,2422.65965714277,1892.15424761898,1144.39946666663,3389.30963809512,1394.01679999995,71.3192380952355,183.784190476184,113.013561904758,342.88095238094,444.922323809508,2151.64655238087,2768.28365714276,2124.2160761904,1216.81592380948,8757.45382857111,1606.87729523804,2023-07-01
1701.53365217383,15992.1626434775,2579.34472173901,2156.7784173912,1239.5278260869,3112.9051086955,1406.3006608695,78.3156217391266,167.899678260861,132.967530434776,379.182830434764,507.642986956497,2254.81379999989,2929.22962173899,2104.38019565207,1315.5897608695,9660.42913912997,1800.13245652165,2023-08-01
1616.21629523795,16835.1131666651,2758.81193333308,1954.11112857125,1177.80484761894,3537.38977619015,1508.88499523796,73.2578714285647,160.1451142857,140.268947619035,384.461852380917,496.904166666621,2271.5619047617,3103.52145238067,2203.98293809504,1441.87391904749,9718.30971904673,1704.23931904746,2023-09-01
1666.70645454554,15571.070181819,2757.02209090923,1898.39852727283,1257.27021818188,3473.10960000018,1508.83783636372,69.8483454545491,180.015654545464,152.757763636372,370.253018181837,473.605854545479,2408.91610909103,3122.73212727289,2163.02721818193,1337.34027272734,10113.8132727278,1801.86016363646,2023-10-01
1673.71051818191,16315.0535954554,2760.89756363651,1881.66988636374,1226.57000000007,3281.07475000017,1452.37038636371,67.4613500000036,198.481327272738,143.285677272735,347.342322727291,427.069372727295,2297.58862272739,3097.64678181835,2088.5141909092,1300.72173181825,9256.14324545504,1694.33919545464,2023-11-01
1807.47303809538,16846.0486476203,2748.42550476211,2132.41825238111,1243.679204762,3717.70652857171,1411.98416190487,58.8789619047664,201.632671428587,156.640257142869,321.056980952405,471.031695238131,2187.40898095255,3197.79418571453,2217.40392380969,1246.45651428581,9316.20706666737,1718.0436714287,2023-12-01
1634.89530434784,17152.9632000001,2784.36107826089,2089.53057391306,1147.22619130436,2801.15794782611,1463.56723478262,66.6275826086961,166.848904347827,156.210886956523,334.817600000002,501.66650434783,2424.34817391306,3063.1891130435,2076.09307826088,1240.7287652174,8988.56480000006,1893.00720000001,2024-01-01
1546.83542857143,12426.8050571429,2035.54575238096,2320.81359047619,1079.98256190476,3094.23130476191,1307.5242952381,70.6164000000001,198.398457142858,144.595485714286,337.389466666667,464.050628571429,2131.94274285715,2918.81120000001,1760.92641904762,1299.11758095238,9383.5744857143,1352.92055238096,2024-02-01
1642.20209523816,15618.806380953,2747.25095238106,2330.27247619057,1259.87866666672,3539.28647619062,1524.2631428572,78.8122857142888,216.873523809532,143.650761904768,348.227333333347,456.105142857161,2380.01923809533,3159.19885714298,2336.42095238105,1377.25866666672,10017.544571429,1839.51228571436,2024-03-01
1542.99000000007,16641.1500000008,2757.09000000013,2012.10000000009,1117.77000000005,3336.78000000015,1371.42000000006,72.3900000000034,213.75000000001,133.950000000006,359.100000000017,502.170000000023,2347.83000000011,3200.55000000015,2134.6500000001,1297.32000000006,9785.19000000045,1769.28000000008,2024-04-01
1660.74389565212,17444.4585043473,2782.1651130434,2288.50855652167,1297.14907826083,3064.83262608687,1568.83359999995,69.9443130434762,245.094121739123,164.166817391299,365.907026086946,461.863686956508,2442.84848695645,3353.85871304338,2157.86876521733,1499.46733913039,10024.0027478258,1833.58149565212,2024-05-01
1740.736675,18044.364825,2808.07538500001,2064.22602,1224.093075,3425.69932500001,1570.479125,64.5804500000001,217.22515,150.29632,327.011915000001,432.689015000001,2261.48994,3366.40273000001,2341.33486,1437.795655,10237.76261,1946.80702,2024-06-01
1626.93779130434,17560.6355130434,2923.45866956521,2029.87098260869,1300.61453913043,3556.22167826086,1638.63396521739,71.3466608695651,214.624791304347,135.090808695652,365.505434782608,466.092530434782,2575.49749565217,3360.31076521739,2334.55631304347,1494.77102608695,9872.15559130433,2083.08857391304,2024-07-01
1616.48609999988,17561.4867636351,2785.84690454525,1963.93378181804,1335.11043636354,3284.23497272703,1663.19218181806,81.4508499999941,167.458390909079,157.205836363625,384.470795454518,502.375172727236,2420.17245909073,3283.09579999976,2485.10530454527,1480.92454545444,10281.6034499993,2118.86127272712,2024-08-01
1513.05939999994,17012.5281999993,2864.66599999988,1922.85799999992,1236.68359999995,3533.46179999985,1625.17939999993,85.2111999999965,174.907199999993,159.210399999993,350.935599999985,426.055999999982,2357.3229999999,3281.75239999986,2273.23299999991,1438.49959999994,9608.1233999996,1824.75299999992,2024-09-01
1606.29489565222,17758.3547000005,2907.88818260878,2240.41918695658,1403.92703478265,3621.34987391315,1715.52754782614,90.2606652173938,196.618773913049,169.023156521744,354.143756521749,447.853873913056,2472.10739130442,3305.72500000009,2373.79800434789,1545.92948260874,10209.8035260872,1956.4142913044,2024-10-01
1667.16114285723,18317.6395428581,2977.99594285731,1876.14331428582,1408.86857142865,3495.16811428591,1674.79251428581,65.7472000000036,222.483828571441,159.67177142858,334.019257142875,415.029200000023,2564.72782857157,3304.38382857161,2411.5133714287,1493.9877142858,10237.1912571434,1886.1228000001,2024-11-01
1743.02290909085,19598.3510545448,3054.52356363626,2207.24509090901,1369.89338181813,3763.41127272714,1811.92632727266,62.480218181816,224.228072727265,158.828218181813,330.502836363625,465.39003636362,2600.81207272718,3582.97774545442,2544.17112727264,1420.11112727268,9697.28021818148,1981.8491636363,2024-12-01
1510.41513913049,18968.9684739138,2919.78549130446,2122.52460000008,1251.67039565222,2935.55548695664,1602.69881739137,67.7525739130462,203.841795652182,165.876991304354,371.471008695667,469.011352173932,2546.56226086967,2871.30735652185,2260.95011739139,1461.93700434788,9631.37882608734,1843.33726956529,2025-01-01
1401.24337500001,12484.7013250001,2445.06815000002,2136.38845000002,1273.01365000001,3509.20080000004,1544.55895000002,66.7258750000007,222.226175000002,141.574900000001,362.640625000004,496.672600000005,2321.48022500002,3033.99652500003,2396.32925000002,1532.37422500002,9721.6698750001,1717.46600000002,2025-02-01
1682.21405714284,18010.3620285712,3362.70688571425,2407.99877142854,1333.95214285713,3789.57157142853,1870.97545714284,77.4552857142848,249.57814285714,148.025657142855,378.096542857139,490.550142857137,2504.38757142854,3332.87225714282,2842.89585714282,1664.42802857141,10980.2907999999,2095.30891428569,2025-03-01
1487.23486363642,17926.8871363643,3177.19704545466,2185.70713636372,1177.74918181823,3601.39118181832,,,,,383.307954545469,,,3300.42345454558,2762.08872727283,1420.79481818187,,,2025-04-01
1541.95020000002,,3093.91306363641,2154.39145909094,1368.95362272729,3126.17609090914,,,,,405.512877272733,,,3184.58329545459,2878.08453636368,1708.82792727275,,,2025-05-01
,,,,,,,,,,,,,3370.24257142832,3005.0390285712,,,,2025-06-01
