USA,AUS,CHN,HKG,IND,IDN,JPN,MYS,MMR,NZL,PAK,PHL,QAT,SGP,KOR,TWN,THA,VNM,ds
1,681.9545333,4389.967424,1490.741581,1161.252767,436.1016524,2448.87851,537.2000333,12.40752857,96.503,145.2140381,198.060919,60.65902857,1088.18621,1449.383152,897.9374381,550.9861762,274.803781,1/1/2010
1,656.50505,4028.259508,1202.976155,1209.44874,439.211125,2298.69233,475.27267,12.4828425,96.6264475,124.828425,180.7700525,97.088775,1005.099985,1435.06456,740.648655,587.6182525,233.01306,2/1/2010
1,772.4438913,5460.584124,1593.793993,1354.29068,501.4029283,2559.120324,620.24045,14.16908913,111.9815109,152.6605087,208.4227304,83.18626522,1177.862667,1626.245778,1023.830957,648.1215609,307.149287,3/1/2010
1,729.1738909,5291.872282,1597.301875,1415.008402,502.2006455,2469.451039,595.5813705,11.16994318,105.4442636,141.1880818,204.1865614,75.06201818,1177.312011,1587.025527,892.7018591,585.7518205,293.5461068,4/1/2010
1,720.7740429,5125.35205,1638.413493,1358.87375,455.8507571,2488.451829,619.3723714,12.7894,108.2531357,149.3619214,219.7036214,71.71199286,1092.580171,1591.823536,1036.854929,596.5341571,324.3026429,5/1/2010
1,745.7239614,5429.556375,1774.1649,1327.842852,545.0412545,2649.197118,663.6896909,14.36758409,112.6233205,151.5548386,195.5845318,78.78997727,1243.9547,1633.733352,1000.169241,654.8837523,323.0389068,6/1/2010
1,780.0018182,5410.944364,1740.075273,1373.451273,584.6541818,2743.199273,698.9927273,14.35018182,123.5967273,156.4632727,217.1043636,88.87854545,1282.258182,1639.624,1026.269455,693.9007273,323.1105455,7/1/2010
1,754.8134318,5400.305918,1756.862161,1225.32887,550.0646386,2721.396211,638.6535205,13.55952273,116.1599114,140.1150682,201.5849045,77.74126364,1191.882048,1594.147889,999.7888091,644.0773295,329.0444182,8/1/2010
1,779.8644,5674.7956,1734.3583,1304.6371,426.6265,2653.9263,619.3821,15.4735,118.4828,134.3984,203.366,98.5883,1171.1229,1547.35,923.5469,601.256,307.7016,9/1/2010
1,815.7006667,4734.10105,1657.868217,1408.3853,525.8666,2601.99835,673.8208167,17.35533333,129.7311167,143.6153833,212.6028333,64.64861667,1183.19985,1605.368333,933.7169333,593.5524,314.5654167,10/1/2010
1,854.6784136,5705.697177,1665.795236,1256.316282,566.7362977,2790.119898,611.6047364,19.1671,128.5066932,144.6244818,216.0654909,68.39169773,1198.379366,1684.52672,1055.497348,688.2731364,343.2653364,11/1/2010
1,822.4509913,6216.270874,1676.09537,1384.3713,577.7366739,2839.916243,666.9234,22.84586087,132.6817304,180.1308261,217.4750217,81.27854348,1193.256887,1760.009974,992.4769174,647.1529435,379.1534217,12/1/2010
1,739.0068095,6412.986038,1704.140852,1475.801024,555.8039238,2928.148538,649.6179619,26.55114286,111.072281,157.0942619,234.5350952,63.72274286,1247.461195,1857.694962,1066.028386,701.8352095,357.5553905,1/1/2011
1,762.04952,4568.364525,1419.22984,1440.640635,513.422125,2621.73,562.79804,20.97384,121.47349,137.20387,213.23404,78.214945,1067.481065,1590.5162,911.051175,689.951945,264.79473,2/1/2011
1,849.6951065,6627.01273,1795.541067,1490.99085,630.41895,3025.488874,726.1347326,32.63038043,130.5215217,160.9765435,241.4648152,99.63142826,1451.834393,1982.621915,1139.887957,777.9082696,386.3437043,3/1/2011
1,833.8561786,6240.736988,1637.45319,1582.122143,643.6557024,2922.170952,671.7535,27.66552381,119.7398452,146.1085476,239.0474167,68.2992619,1318.002845,1910.217964,1077.658607,713.2517857,383.8591429,4/1/2011
1,888.189225,6222.937827,1753.061864,1953.84358,640.3425477,2987.113786,667.9770205,36.27024545,137.740575,171.4200886,211.1446432,74.69943409,1370.065343,1955.138945,1169.283627,764.2658864,380.4057886,5/1/2011
1,903.5702,6065.774,1854.4682,1773.707,654.3394,3079.3464,722.0746,31.6966,131.9968,165.8644,195.39,80.7612,1362.5196,1946.0844,1051.6324,765.0604,372.9778,6/1/2011
1,935.0302714,6203.023329,1768.687179,1758.421521,693.3595929,3074.564314,711.7522286,31.65244286,129.6039214,158.68995,213.8678571,78.27563571,1289.623179,1894.869214,1086.448714,735.2776929,351.1710214,7/1/2011
1,974.611663,6598.481926,1877.02987,1697.82023,640.3984261,3372.708422,676.9198217,29.72671739,145.2362478,159.6749391,215.7310348,81.96080652,1465.527167,1927.140622,999.6670391,889.2535174,417.872713,8/1/2011
1,962.4433,6680.2099,1724.467373,1713.692145,653.8407909,3189.036264,686.1664727,30.17063636,146.5430909,168.9555636,218.9526182,96.97704545,1299.492409,1951.609164,997.3550364,840.0367182,411.6136818,9/1/2011
1,973.6303048,6078.470229,1832.817867,1785.13339,673.2181048,3269.421086,677.1195619,41.18204762,141.3194476,169.0631429,217.6146095,97.53642857,1302.65319,1851.458162,1044.290029,715.2671429,391.0127048,10/1/2011
1,1019.8063,6919.4334,1796.57465,1693.900864,666.7297773,3289.026945,650.7005364,35.95748636,141.2306091,174.1555364,217.4778091,70.18208182,1400.609077,1863.29095,945.2919909,677.5603455,405.06325,11/1/2011
1,937.4996091,6909.363382,1801.606891,1749.1838,719.9437818,3272.51145,725.1860909,35.38558636,133.6788818,195.2760136,202.2657591,96.98271818,1243.737832,1987.272005,959.3425636,791.1518136,399.2892091,12/1/2011
1,949.16745,5353.77508,1505.24535,1871.751239,634.0856932,3399.65807,648.9028159,29.63424545,136.8404864,164.2957432,224.0000318,83.23736591,1333.541045,1896.591709,919.9690023,679.8444545,299.3930386,1/1/2012
1,878.9872857,6247.210121,1681.169857,1711.891743,634.4922786,2946.314179,653.2667643,29.44180714,121.6074643,139.9552571,213.3464286,99.84612857,1347.496043,1924.384786,897.7617714,735.6184857,366.9558571,2/1/2012
1,961.6080068,6882.298448,1693.219632,1818.516168,700.7165886,3271.441073,723.4587682,36.04420909,143.3186409,160.0534523,230.4254795,112.8527023,1451.637611,1933.085261,1059.871386,956.4588341,390.9080295,3/1/2012
1,908.0834667,6169.249379,1699.669383,1628.832045,722.8822333,3185.54656,700.6922238,25.17712619,123.3252452,159.5973762,204.4041262,81.07888095,1318.598643,1875.909267,1080.05604,783.4780286,377.2301619,4/1/2012
1,963.6516087,6990.230043,1825.14327,1810.978235,731.430887,3309.467217,750.3176,27.04233913,136.9286696,180.2822609,231.3622348,85.41945217,1409.635583,1909.274991,1038.339974,900.5528174,436.1113739,5/1/2012
1,918.8229762,6332.613424,1779.097698,1545.332038,714.9724833,3009.465767,696.1686643,22.65005476,129.0625762,175.2174048,217.9533571,81.19830952,1378.234464,1794.48264,949.5928619,803.0085452,403.85475,6/1/2012
1,953.3284091,6353.567182,1709.286409,1702.162636,685.1393182,3097.164955,721.5962727,23.46654545,133.2564545,157.5610909,211.6179545,86.32336364,1285.212409,1759.152818,1037.1375,809.5958182,405.636,7/1/2012
1,979.5009391,6372.225826,1886.212504,1569.810139,581.0527478,3108.905687,660.1533391,21.87888696,139.2675304,156.9389391,217.9473739,90.88153043,1290.433583,1730.115061,913.0227826,796.4756348,429.1627826,8/1/2012
1,893.861955,6620.504163,1928.354853,1754.757013,640.5593375,3163.570253,721.09872,23.36894,139.7963375,148.9769925,222.4222325,80.956685,1271.93802,1776.03944,977.7397575,767.001995,381.8317875,9/1/2012
1,975.6605739,5940.513978,1815.076526,1832.055339,712.6960304,2991.169917,701.1007435,27.33174783,142.0422652,157.7787261,218.6539826,92.34817826,1369.486213,1796.441243,987.2558609,843.1430087,418.2585652,10/1/2012
1,1009.925164,6568.211418,1865.362182,1661.980182,696.0184,3017.860182,663.9703273,35.33505455,152.0229091,149.9685455,214.0646909,105.5942909,1336.979855,1782.365891,899.4004,770.3863636,403.4770182,11/1/2012
1,862.2003762,6899.244514,1900.452138,1766.6695,639.3661048,2916.543586,658.6537857,32.41971905,122.2921048,163.7401,217.499381,115.7260857,1222.921048,1767.490252,914.3181524,764.941219,396.4234,12/1/2012
1,859.6782174,6486.292522,1746.246843,1823.251196,629.4800217,2938.388296,719.9295783,34.22415652,124.673713,154.8235652,194.7517478,99.00559565,1305.814543,1845.65987,1048.318509,892.2726522,422.9127913,1/1/2013
1,787.26371,5064.70273,1310.7493,1660.418135,623.216515,2645.10837,581.695885,28.49455,119.270045,141.251555,191.727615,96.88147,1111.694515,1646.98499,783.19306,742.48656,287.38789,2/1/2013
1,801.0088571,7460.184781,1791.16179,1669.278,606.9731238,2851.020838,723.149981,39.54089524,124.7372571,152.4566476,201.7808571,93.34912381,1206.201124,1792.792343,1012.980667,799.3783048,437.3956762,3/1/2013
1,872.5367773,6941.176241,1766.073732,1712.1321,677.7704273,2803.72955,739.9474227,37.05913636,132.5893545,157.2954455,212.0606136,93.88314545,1317.246414,1797.368114,969.7140682,819.83045,437.2978091,4/1/2013
1,886.854913,6698.752122,1789.007557,1818.776113,688.8113217,2763.51433,724.7816609,38.86450435,137.2661217,172.4095565,217.8892957,96.33435652,1315.191365,1752.623765,936.8826261,820.7025652,496.969513,5/1/2013
1,807.695,6314.198625,1812.15825,1516.57625,671.9335,2751.3185,716.6145,40.38475,122.443125,168.842625,210.086625,92.799,1271.69,1749.433,1023.36675,814.139375,453.254375,6/1/2013
1,908.0823043,7288.931757,1914.558252,1661.422183,755.073687,3039.366643,785.8487913,39.44414783,157.7765913,162.9780174,237.9652435,97.52673913,1402.651235,1880.31553,993.9058348,805.3541391,472.0294174,7/1/2013
1,915.1270273,7129.5597,1965.064034,1626.063043,571.2957114,3029.931136,747.8221341,39.52084091,157.2051227,160.7180864,244.1509727,117.2451614,1356.003964,1826.30197,943.2307364,820.2770091,484.7889818,8/1/2013
1,903.6929952,7460.497448,2030.02865,1498.573186,678.4258643,3047.44874,735.2894119,42.86636667,143.0336929,165.7791119,250.1996095,89.66944048,1410.653393,1796.013281,1022.231621,762.8463619,485.9646262,9/1/2013
1,959.1278478,6655.648304,2010.155935,1642.986435,676.0923696,3176.382913,800.3518478,61.26682609,159.2074565,158.776,208.8249565,100.5293696,1466.952174,1967.441739,1001.410587,840.0458478,527.6713261,10/1/2013
1,927.0428214,7336.582893,2080.725167,1471.849369,660.3055357,3137.214024,716.5295714,54.04480952,154.7250595,158.2118214,243.6374881,101.5519405,1344.58256,1878.928821,951.886,773.1894524,468.0977857,11/1/2013
1,866.0471864,8052.161027,2082.668859,1617.151918,683.4655182,3168.875055,763.9252364,61.00791818,154.2881409,176.3924591,240.9370682,110.5215909,1323.164486,1960.653023,1091.511232,753.75725,525.1986,12/1/2013
1,870.9222261,7872.938987,1875.901696,1635.228457,671.1859304,3482.789191,784.9996304,69.27790435,140.3552348,190.2893087,270.3637696,107.9655652,1384.658374,2013.107935,981.1370739,870.9222261,435.461113,1/1/2014
1,804.25015,6128.0901,1541.66635,1510.26785,618.55045,2901.2214,657.5743,47.09775,139.0505,159.23525,217.9953,115.27735,1278.3675,1886.6013,909.21085,670.58225,437.33625,2/1/2014
1,852.7789333,7256.682919,2030.724624,1849.329945,650.3335143,3430.374921,756.930881,65.83955,158.5523857,172.4369167,245.8905643,139.7410857,1503.112448,2040.578162,1190.038669,764.9928667,544.6319238,3/1/2014
1,890.5925182,7575.836857,1961.891434,1597.355318,725.5027227,2998.387636,788.4153205,57.55833409,152.5965136,184.2759068,239.6032977,129.8408932,1490.716234,2046.667275,1103.870686,772.3525295,530.0721,4/1/2014
1,900.5614705,6997.244073,1972.80482,1715.062459,648.5272023,2813.650855,804.4020545,60.15452045,163.3392818,178.2681409,222.6156341,108.4537705,1421.754286,1870.937311,963.3504955,810.5492318,548.4160295,5/1/2014
1,876.7524429,6785.301514,1991.424214,1680.332643,687.9067143,2908.487114,777.7289286,60.46568571,148.9734286,188.4075714,211.6299,107.7866571,1317.538529,1861.291543,1119.4915,716.8250857,519.6543714,6/1/2014
1,932.32425,7188.67635,2065.4568,1741.64255,611.9872,3058.63205,785.41255,55.20055,166.0363,176.4679,241.6654,114.31295,1384.36025,1993.3049,1081.84385,783.2393,548.5283,7/1/2014
1,872.4628,6939.845917,2027.42485,1641.12355,647.77735,2832.438217,827.3505167,55.62388333,147.6003833,196.2165333,255.7822667,124.3872667,1264.457883,1874.130683,1071.745217,752.89335,527.7699167,8/1/2014
1,943.23285,8059.911443,2179.955209,1915.63785,687.3135341,3031.251586,758.0338977,68.06835,179.0109205,198.9010227,255.4773136,140.5567227,1356.062973,1952.766041,1031.191302,852.6223841,563.5528977,9/1/2014
1,935.4296957,7219.437522,2204.781348,1769.114043,687.1172609,3081.494565,876.7132174,62.75043478,173.9083478,188.6995217,250.5535217,156.876087,1409.643696,1976.638696,1029.555348,831.8914783,611.3685217,10/1/2014
1,899.39,7051.2176,2197.659465,1921.09704,631.37178,2741.790415,706.92054,69.25303,149.29874,172.68288,249.13103,114.22253,1189.443275,1859.03913,1034.2985,767.17967,557.6218,11/1/2014
1,821.2223957,7931.185389,2143.75683,1578.55208,644.735537,2828.257761,751.5212565,71.48834783,159.0615739,185.4229022,244.4007891,161.2955848,1261.322537,1961.908346,963.305487,705.0538304,602.7361326,12/1/2014
1,780.3689659,6264.343909,2005.517045,1438.178557,561.9904432,2752.015057,679.2017727,83.340375,123.4507159,155.9846591,252.2494773,91.36244318,1130.665943,1750.593545,937.6906364,739.3672841,647.5591705,1/1/2015
1,725.2408,4797.20256,1507.08576,1270.49806,508.99522,2374.7214,597.43922,61.02636,125.14826,156.54588,253.39206,153.00812,936.62196,1503.548,692.95874,675.71216,477.5976,2/1/2015
1,753.7043614,6309.213355,1964.617452,1577.303339,561.3828705,2478.810327,709.6306864,58.7649,141.1247977,158.4871545,253.3123341,126.4335727,1172.626868,1713.531061,974.517925,715.4181386,669.1185205,3/1/2015
1,757.078125,6336.366477,1896.913636,1487.958239,560.8150568,2454.17642,654.0622159,55.94829545,133.2102273,174.0613636,224.2372159,114.1167614,1183.350852,1681.113068,856.0977273,705.1261364,601.2221591,4/1/2015
1,766.228,5871.59,1909.772,1464.664,517.806,2199.226,681.042,60.21,131.57,175.724,215.418,103.472,1090.47,1607.384,920.99,661.864,684.61,5/1/2015
1,818.1245091,6503.098727,2006.567491,1511.007491,584.7608,2390.401236,678.9172,59.01669091,136.5042545,182.9066909,267.6024,127.0435636,1207.814873,1648.863273,962.2874182,745.5925455,662.2483636,6/1/2015
1,804.0441304,6853.173887,2041.592617,1647.497748,456.6064696,2545.309278,724.7721739,63.41756522,147.6723304,155.3730348,310.293087,110.9807391,1196.780052,1750.777783,927.7083826,735.6437565,692.6104087,7/1/2015
1,777.598581,6312.842257,1983.084543,1571.850076,573.600381,2420.223543,641.599781,49.95874286,145.250419,178.0936667,285.8750286,86.96521905,1108.343962,1608.393971,959.8554762,717.4630571,677.6810952,8/1/2015
1,822.3924659,6794.205409,2130.085318,1497.979227,540.4694091,2541.515318,656.4178636,60.31189773,142.5978977,180.9356932,292.6763409,111.2731136,1138.913045,1614.86275,841.0938295,716.2622273,669.9763523,9/1/2015
1,834.3081818,6067.2745,2088.551482,1443.816659,514.95355,2484.847868,693.4028,64.89063636,146.0039318,181.2302773,302.6684682,131.1717864,1156.907345,1703.842709,862.5819591,683.6692045,666.9830409,10/1/2015
1,819.134,6714.0742,2116.096167,1407.592333,542.3232,2445.632833,626.5904333,71.08576667,150.6453333,188.7774333,286.6969,128.5193,1078.9972,1602.9605,959.4224667,739.5744333,670.3717333,11/1/2015
1,776.5437065,7718.702824,2161.576676,1609.734978,570.2521565,2401.856765,661.832387,87.33166304,142.0909761,203.9312348,295.0394022,129.817337,1112.652593,1673.935552,863.4033065,684.491413,698.1812413,12/1/2015
1,688.4378095,5351.08256,1939.797143,1372.596655,497.7861786,2415.237619,617.5971786,68.93886905,120.2864405,173.5357738,324.7258452,84.15296429,972.2757738,1489.079571,882.8929643,648.97625,634.7130357,1/1/2016
1,711.6775714,4456.797429,1454.794714,1306.171286,484.9315714,2264.1255,561.6250714,60.021,122.4237857,159.5796429,269.1417857,152.9106429,992.2519286,1389.057429,641.1767143,604.4972143,518.2765714,2/1/2016
1,743.6527304,6066.174748,1935.54727,1272.503513,526.5210435,2353.968417,633.2230957,66.1645913,125.805913,179.389913,311.2531478,169.6050087,1122.468313,1553.470052,844.2974609,679.3519304,697.9898435,3/1/2016
1,733.9199333,5883.885281,1891.861876,1191.808033,501.4964905,2144.233838,621.1876048,57.98988095,127.113819,183.7119429,318.2484667,111.3405714,1086.49841,1502.633795,802.5799524,636.0330143,681.497081,4/1/2016
1,736.439275,6127.006225,1916.240275,1324.467075,521.54695,2204.1679,655.445,56.649175,134.366225,207.401525,330.999725,111.42565,1105.361175,1546.382025,935.41365,695.70805,707.8806,5/1/2016
1,778.9514727,6100.547155,2048.698145,1437.063218,562.3695,2352.191768,692.9693591,61.81416818,135.2475409,198.9207818,336.4921636,115.7272773,1150.30125,1575.099368,891.4253727,694.8284318,714.3486955,6/1/2016
1,776.8435714,6229.343814,2049.9254,1379.956671,424.6744857,2367.254229,678.4433857,58.38097143,152.0730143,178.9094286,337.1030286,101.6958857,1099.822171,1571.107271,955.2821857,692.097,706.6922429,7/1/2016
1,827.6902174,6469.040217,2054.536957,1366.271739,577.751087,2463.48587,684.0684783,58.28804348,156.6782609,193.5163043,334.3402174,101.6543478,1097.680435,1636.728261,954.525,718.575,753.5478261,8/1/2016
1,833.0596591,6807.763534,2256.877625,1515.692545,537.9185227,2557.73117,700.2461477,55.69598864,170.4202045,192.3177727,351.3131591,104.2514659,1132.485102,1618.039875,859.7175682,735.9487045,726.9040568,9/1/2016
1,876.6200333,6221.439586,2187.440171,1668.140714,556.5304238,2509.947376,688.0476048,59.9563619,164.3964762,186.6383524,351.0348286,103.4730762,1149.324776,1694.734262,1072.928767,762.5095381,799.2569857,10/1/2016
1,902.0236364,7417.296,2382.722545,1649.273818,624.5158182,2649.386364,725.5621818,65.064,161.6741818,224.2736364,363.7669091,104.9896364,1233.751455,1835.593455,1027.715455,788.6545455,843.8603636,11/1/2016
1,841.0285,8433.67455,2474.3158,1721.869,635.9967,2591.7612,745.4797,80.6193,154.2715,253.8015,369.75395,124.4125,1268.0122,1905.9995,1031.62845,792.75645,883.32875,12/1/2016
1,869.6379455,6547.159818,1979.570586,1604.949664,595.5129409,2824.333305,730.8341773,87.06329545,148.2563545,233.8271364,394.5211045,88.55580909,1279.084186,1873.104614,996.9991091,751.7293682,698.9938864,1/1/2017
1,801.19224,6491.05748,1920.4608,1712.911,568.13632,2451.58824,709.17016,83.52004,145.53492,218.55244,341.58196,105.0252,1107.26568,1810.4344,954.72908,713.67124,811.19464,2/1/2017
1,918.5541043,7865.998878,2356.181726,2007.452761,667.3084522,2945.101535,873.8323783,109.040613,151.2498826,250.2406696,407.5204478,133.662687,1367.278839,2139.607974,1083.873743,873.8323783,977.8480783,3/1/2017
1,815.512475,7036.721875,2175.530225,1934.413525,595.319125,2648.796475,734.808125,70.242675,144.47075,247.592975,355.69695,108.103975,1168.71855,1891.0723,1064.599975,740.786225,912.158425,4/1/2017
1,894.0989391,7438.524191,2169.174783,1908.873809,686.6560174,2691.272713,854.2060696,80.78306087,167.0513913,252.8210609,423.3630783,131.6464696,1383.783913,1959.238557,1092.565965,868.1685739,966.4047652,5/1/2017
1,916.8900545,7667.717809,2418.572186,1850.759555,498.8960591,2780.633891,738.1064818,76.9069,160.3059409,225.22735,364.0592864,78.90448182,1313.410045,2025.048568,987.8042091,834.9892,947.3531773,6/1/2017
1,938.9283357,7462.276093,2311.091279,1733.951843,703.8162214,2743.819179,833.53325,73.97924286,168.7334786,243.7261357,361.7889,94.75423571,1360.001971,1956.396279,1089.927064,876.6033571,921.1935857,7/1/2017
1,991.0681043,8054.977391,2399.66953,1838.879965,688.7515478,2867.164104,860.0472696,80.03996522,182.511513,250.8258783,444.5531826,114.1971478,1455.503826,2067.274261,1113.932,893.6946435,963.5384348,8/1/2017
1,990.7773357,8697.729807,2632.214414,1935.661743,652.1895071,2836.692907,843.9199643,75.97829286,181.0221071,226.4051143,394.6791857,167.2542286,1347.722336,2126.372357,1127.436279,836.2711429,959.6721286,9/1/2017
1,1012.343373,7771.420909,2496.6333,1929.988636,733.3956818,2922.774791,874.4135182,74.62622727,196.6015091,251.6705182,437.4640909,134.8418727,1490.465891,1948.516527,1136.891973,928.4532,955.7303727,10/1/2017
1,1017.936364,9029.095545,2654.778036,2106.619305,769.0509227,3071.622977,896.8019364,75.32729091,203.5872727,242.2688545,450.9458091,125.7151409,1556.933668,2138.175332,1152.812932,904.4364591,1000.631445,11/1/2017
1,983.4767143,8937.816257,2707.453543,2114.349171,759.6162857,3093.801429,888.9019714,81.99831429,171.0394286,245.4918857,470.8614857,176.07,1497.601114,2189.807743,1168.601743,920.0915143,1009.132629,12/1/2017
1,1026.674,9166.19,2471.304,2059.42,774.686,3220.184,935.594,82.984,178.618,281.842,449.328,112.332,1473.472,2317.986,1242.736,939.136,1006.434,1/1/2018
1,975.698935,7183.51201,1915.04932,1966.456555,736.837035,3119.224855,815.24605,84.640195,160.452885,247.17014,402.94964,156.81803,1362.032095,2166.37358,996.469535,905.59816,716.066435,2/1/2018
1,1015.4924,9367.2397,2681.0459,2231.164,753.7998,3244.5712,933.6483,91.7488,186.1041,273.6825,435.8068,135.0167,1580.5816,2340.637,1243.3005,989.4274,970.6606,3/1/2018
1,981.286119,8991.391962,2501.368595,2080.743033,841.2511238,3005.286348,955.7778857,87.4568,180.1193619,264.4527048,477.8889429,144.720181,1520.603052,2274.397376,1167.652395,969.8334429,896.4322,4/1/2018
1,1077.670017,9839.686748,2628.55273,2296.519513,923.4183652,3291.050504,976.2299478,91.50521739,185.6248696,302.2286609,521.3182957,142.2252522,1675.329809,2324.755409,1281.59593,1015.969357,1082.898887,5/1/2018
1,1058.653143,9283.941643,2671.079667,2381.438119,598.9468333,3055.85119,964.5860714,84.50092857,184.9454286,300.2705952,503.2854048,138.177619,1619.866857,2391.535714,1215.963048,993.8159524,1007.102262,6/1/2018
1,1054.358264,9983.287895,2764.619236,2370.970786,977.4445909,3345.210641,1033.527477,84.39139091,198.6936545,256.9130318,533.0544818,122.8482273,1763.673245,2399.279291,1385.514355,1024.447391,1121.123605,7/1/2018
1,1082.025304,10161.97657,2909.208922,2437.48853,896.5352522,3424.636739,1048.978226,90.07993913,196.1504,264.3766261,522.8900609,124.1930522,1705.655652,2364.465148,1255.255957,1153.449635,1104.412035,8/1/2018
1,1018.06965,10538.77617,2911.62519,2312.66538,789.07149,3182.21028,884.12733,85.33422,209.01483,237.6396,544.41072,196.59276,1632.15198,2215.98927,1356.16599,1001.86695,1030.49172,9/1/2018
1,1135.272261,9804.329896,2945.775339,2409.68953,952.981513,3682.488835,1040.890957,80.89826087,216.2680174,258.8744348,578.1529043,163.414487,1842.862383,2614.631791,1407.629739,1093.205165,1149.833948,10/1/2018
1,1138.462709,9624.705127,2757.000055,2303.303145,891.5671818,3567.323836,970.7003636,77.02296364,206.2738273,241.6199818,512.2554636,140.8570636,1738.819782,2469.482827,1212.320345,1078.321491,1114.722755,11/1/2018
1,932.4074762,8666.370905,2642.437505,2237.249667,811.4322286,3324.970343,926.0681619,79.76970476,187.5380476,232.4415238,470.1658095,149.5021619,1640.825848,2325.47179,1252.014571,892.7867619,1062.891695,12/1/2018
1,1010.485287,9421.58233,2400.623583,2174.090296,786.0495304,3368.109496,941.2667826,82.32806957,188.2533565,234.3990261,501.8341565,127.4249739,1606.708313,2367.587478,1375.455583,1014.155965,1113.788661,1/1/2019
1,920.35818,6906.338565,1844.89032,1909.064955,638.094135,2863.33656,711.138435,57.913695,170.610615,216.00243,416.35251,148.17558,1392.01566,1912.195425,795.661125,841.574685,754.965015,2/1/2019
1,926.5152667,8769.574733,2697.5626,2296.055133,706.8423333,3158.980867,897.6109333,87.23853333,170.7983333,216.5197333,492.4247333,176.0536667,1566.089333,2206.714467,1332.752533,940.7046667,1090.481667,3/1/2019
1,960.0123,9388.46265,2364.1473,2204.49195,800.877,3076.09575,938.1702,79.0476,178.37715,244.94355,491.44725,110.2506,1583.0322,2342.82525,1188.31425,960.53235,1071.303,4/1/2019
1,1012.562539,9031.514191,2515.985287,2440.186852,763.7345739,3237.900035,940.4233391,93.04911304,189.234713,262.4194087,514.9066087,212.7583652,1626.791235,2280.226017,1206.501983,1005.24407,1186.114817,5/1/2019
1,907.51083,8424.22539,2411.578095,2122.871685,595.00425,2871.54225,815.931915,79.161435,158.32287,225.066825,454.790205,149.527155,1482.85407,2074.75395,1261.40901,869.740995,985.637475,6/1/2019
1,986.498987,9090.723687,2427.125035,2067.607778,793.6995478,3259.179909,913.3681652,79.26767391,194.8450565,189.731013,505.7789,137.0563652,1584.33067,2237.905426,1252.940652,985.9875826,1135.829057,7/1/2019
1,942.4693091,9401.731491,2534.125673,2079.590364,739.4678909,3089.378909,877.7593455,73.05963636,190.4769091,194.1298909,485.8465818,161.7749091,1544.689455,2215.7944,1187.740945,948.7315636,1145.470727,8/1/2019
1,982.6372786,9328.54489,2520.904645,1962.670855,742.575919,3150.479881,862.866969,76.54885,187.9873119,196.3191595,494.1827119,154.139181,1489.838502,2017.348605,1298.206007,918.0654595,1099.803886,9/1/2019
1,1049.007876,8780.489172,2486.956387,1954.478137,759.360287,3123.8724,899.8110717,77.68523261,196.5282043,208.3610543,509.8414935,129.6468783,1586.630843,2129.913,1287.208291,943.0266978,1127.20758,10/1/2019
1,965.9129595,9353.062588,2499.293438,1955.174314,778.6182238,3015.496002,906.01925,81.71938333,193.3856214,198.9689333,471.0284952,180.1887024,1584.13786,2067.348126,1232.38921,891.8071833,1063.874705,11/1/2019
1,933.3447545,9718.871195,2496.87495,2010.398195,736.8243955,3132.646241,903.3842864,95.46725455,166.5598909,204.1374273,442.2977591,227.4964364,1555.405323,2218.598059,1371.072273,868.8535773,1120.216827,12/1/2019
1,902.3412435,7981.701687,1962.871961,2093.085804,725.8404478,3138.357087,898.7807087,94.60849565,169.3797261,209.5629043,486.2673217,111.9025217,1147.509496,2172.943513,1099.6966,968.4654609,934.8947043,1/1/2020
1,785.883735,7232.467185,1810.52982,1925.33895,586.745775,2406.92769,754.387425,89.916885,140.20938,211.838085,375.9237,200.661975,1038.36222,1878.60249,1119.64302,742.195305,930.157155,2/1/2020
1,775.2561727,8400.735091,2355.370136,1606.142973,681.3475909,3022.937664,805.3681636,99.01230909,158.2155455,168.423,398.0907273,117.8961,1028.401045,2133.358,1296.346727,932.4509727,1116.695527,3/1/2020
1,788.1040364,7837.933,2177.175436,866.7115818,635.9604,2890.221945,796.7255091,64.91461818,120.7006182,162.2865455,178.0080545,103.9648182,896.6331636,1923.602709,1155.277345,763.7610545,928.0761818,4/1/2020
1,760.6038857,7328.213486,2162.888229,1156.846629,427.1122286,2384.0352,611.8230857,68.31771429,127.0203429,144.2262857,296.5494857,93.62057143,791.9794286,1753.994057,1123.446857,633.0774857,924.5664,5/1/2020
1,837.216,8420.730545,2189.680364,1067.550545,538.7825455,2403.991636,730.0603636,73.60690909,149.2167273,185.2690909,348.5061818,90.63163636,904.8141818,1792.102909,1108.610182,676.4825455,1019.981455,6/1/2020
1,928.471087,8722.884565,2283.87087,1438.907826,516.8604348,2499.311739,784.6791304,70.16652174,149.7215217,181.3458696,386.9041304,142.3095652,970.4721739,1919.696739,1124.64087,694.7473913,1073.745435,7/1/2020
1,895.3139762,8649.172129,2260.972733,1513.983252,524.0148286,2308.299957,770.8970476,67.33151429,152.2277714,161.4980524,374.7145143,88.31162381,948.4961143,1747.691914,1204.160705,694.7831619,1086.57451,8/1/2020
1,874.2872636,9867.649755,2455.383109,1481.579527,561.6603909,2479.655382,786.9070818,61.65157273,162.6242273,208.7415455,415.0558636,122.3322545,1010.697436,1912.655091,1148.0785,761.6639182,1154.389291,9/1/2020
1,924.8951636,8681.689073,2387.937618,1653.262236,523.5896545,2639.299473,808.4340727,53.378,169.8390909,188.7640182,404.7022909,118.4021091,1368.417818,1896.860018,1202.946018,755.5413273,1151.994291,10/1/2020
1,1029.771771,9301.257829,2523.013257,1632.2824,611.2006857,2676.054819,797.0713524,61.7959619,163.6627429,207.1130286,387.6731048,112.005181,1378.339619,1928.227124,1293.852952,815.8998095,1176.0544,11/1/2020
1,993.790913,9904.237609,2717.291804,2065.026326,694.5953913,2778.862587,893.2573696,69.74815217,181.3451957,239.5488261,399.2480435,163.5473913,1449.799522,2147.281043,1312.708326,823.5092174,1317.999565,12/1/2020
1,905.7823429,9710.717495,2562.537095,2020.702329,640.8746619,2851.483586,873.0895619,81.25117619,119.7132714,230.7725714,404.8135524,92.30902857,1415.405105,2137.530943,1354.346529,854.8200667,1241.8449,1/1/2021
1,939.97638,8181.56214,2029.69206,1968.34725,640.49778,2691.92619,835.6419,52.65027,108.68175,222.67683,389.32218,102.40236,1369.87308,2048.0472,1129.80717,869.93703,980.06787,2/1/2021
1,1069.865635,11125.72805,2728.594643,2375.859652,815.7604,3026.427357,959.5752174,45.18506087,139.9279304,273.5396696,463.0254087,114.1773043,1725.777809,2416.671965,1569.330609,1011.56233,1352.636661,3/1/2021
1,1002.0816,10792.6176,2599.9824,2232.0192,785.376,3093.024,1005.96,43.632,134.2896,254.0352,430.5024,111.9888,1641.048,2467.1472,1398.648,908.0304,1320.5952,4/1/2021
1,1018.785714,10566.12629,2588.434857,1861.621143,682.2268571,2844.449714,917.1468571,47.94285714,134.7194286,253.6177143,437.2388571,95.88571429,1499.173143,2296.942286,1502.049714,950.2274286,1329.934857,5/1/2021
1,1050.0831,11130.97729,2777.079273,2029.774955,830.2309909,3005.127623,974.3884045,63.15926818,194.7812545,305.6715727,477.7926318,128.2470636,1629.123414,2431.390759,1521.125886,968.1206909,1307.541491,6/1/2021
1,1069.207691,11356.06893,2916.750436,2314.443477,765.2959364,3149.448545,1002.507586,64.69408636,215.14545,279.8395364,501.0030409,131.3941909,1709.628995,2692.0764,1609.328086,983.4504136,1440.822559,7/1/2021
1,1071.182905,11788.0339,2967.472941,2264.399305,837.6620182,3323.027323,885.3705864,52.22832727,226.9923455,329.9424136,494.6625227,106.4654364,1659.755977,2590.324155,1812.925591,1032.011659,1351.910164,8/1/2021
1,1078.178618,11926.3452,3129.433555,2830.721755,816.1771909,3418.5906,1028.8962,57.83140909,232.8342818,330.3933545,528.0259091,139.2982636,1718.347173,2596.881709,1674.596455,994.7002364,1317.550364,9/1/2021
1,1074.750495,10900.31549,2928.276267,2723.175086,827.0045143,3265.373257,1079.827257,59.90579048,237.084781,322.8820571,519.3527429,161.9487048,1801.7428,2733.836286,1733.206514,1003.168152,1303.204781,10/1/2021
1,1229.593636,12749.97893,3144.030614,2672.350432,974.1002045,3682.733727,1129.311205,65.51113636,237.8558182,397.0982727,553.3171364,151.6834773,1883.697136,2890.552909,1804.075909,1008.367568,1516.330841,11/1/2021
1,1232.401148,12417.22252,3374.239774,3039.687704,1075.705826,3754.137757,1116.013304,83.63801739,223.7065043,381.409513,574.3815652,162.2376,2008.823948,3081.506713,1760.429113,1193.101357,1570.480122,12/1/2021
1,1108.129929,12510.43307,2980.310571,2695.7145,933.7827857,3831.534857,1137.358714,76.91785714,204.0887143,309.7225714,541.5017143,127.6836429,1901.922214,3107.994214,1796.801143,1063.004786,1482.976286,1/1/2022
1,1238.43615,9672.62222,2274.31235,2866.6079,853.31584,3528.64561,1012.79975,66.15249,201.53433,300.50666,522.55339,139.99713,1714.32383,2742.50788,1624.58208,1060.49108,1284.58905,2/1/2022
1,1348.618052,11986.44221,2731.107887,3287.64733,1144.345148,3935.901139,1305.887496,91.19326087,252.2145043,334.027887,613.3398174,143.3036957,2227.721087,3325.166843,2020.321557,1256.903687,1673.266061,3/1/2022
1,1249.3775,11586.7925,2824.498571,3021.193571,1028.225714,3700.78,1273.313929,67.64642857,200.3375,346.0375,596.3292857,170.6771429,2140.749286,3133.070357,1908.149643,1157.274286,1647.971071,4/1/2022
1,1355.641455,11932.05436,2834.904,3202.100545,974.8256364,3927.064909,1291.735636,79.62036364,222.6227273,353.0534545,622.296,183.3363636,2185.369455,3308.959455,2092.129818,1282.830727,1678.837273,5/1/2022
1,1377.462382,12361.70414,3075.114927,3457.08675,1128.186818,4019.031232,1521.440509,82.19646818,250.3500273,421.1897455,672.6142364,155.2599955,2317.618064,3231.449386,2024.826723,1342.005082,1706.785486,6/1/2022
1,1374.674676,12814.27122,2900.289638,3564.985933,1192.987295,4186.636295,1496.544981,92.80032381,267.7792476,277.2828952,682.5855143,162.1210476,2457.531467,3648.28261,2139.997829,1376.910829,1668.728714,7/1/2022
1,1550.531913,13031.27991,2740.37113,3455.056348,1236.740435,4480.182957,1557.790435,88.21895652,276.3821739,337.8004348,695.7013913,173.6461739,2360.694609,3686.770696,2084.870783,1393.077826,1687.885478,8/1/2022
1,1497.288545,13611.66164,3279.967091,3653.568545,1142.136545,4407.69,1432.138909,80.71636364,288.8492727,304.416,692.4310909,181.0352727,2276.778,3517.503818,1870.313455,1336.432364,1588.382727,9/1/2022
1,1447.553643,12444.26339,2959.116757,3400.723386,1123.982829,4476.5523,1424.651171,78.69054286,275.4169,268.9572286,647.1416286,163.8407571,2196.875529,3474.715986,2166.3389,1173.311229,1604.934729,10/1/2022
1,1472.80465,12919.65156,2841.024655,3272.579977,1089.519164,4395.428314,1345.234368,75.27795909,296.5147091,295.9400682,621.7614636,203.4228818,2099.737882,3381.76175,1867.008314,1220.537291,1587.158191,11/1/2022
1,1368.9536,12661.15405,2852.912636,3401.271891,1103.385491,4235.2002,1314.506582,77.78145455,253.3453091,285.5690545,573.3604364,195.0092182,2049.541327,3312.3788,1713.414327,1132.831327,1484.514618,12/1/2022
1,1412.402223,10577.9093,2222.157523,2902.264077,1013.018164,4256.983595,1203.645768,86.79873636,259.84685,264.2417227,604.295,128.0006682,1839.254236,3243.416073,1605.227264,1250.89065,1239.354109,1/1/2023
1,1188.227775,10791.19377,2319.37671,2940.65793,873.74532,3556.4508,1166.82321,79.581075,203.617785,215.692155,492.85383,178.92021,1770.54171,3038.899395,1571.86344,1133.344275,1244.75778,2/1/2023
1,1317.105039,12321.95777,2840.33237,3330.76127,1125.744822,3912.49633,1266.804639,96.77359565,266.2640739,205.0288043,635.8626652,161.8360696,2110.429826,3260.778104,1690.530835,1222.518417,1512.292461,3/1/2023
1,1219.13158,11230.50293,2641.82052,2713.72937,849.077575,3631.396925,1162.71079,79.099735,218.492275,164.83721,539.316375,126.11706,1875.16155,2873.03513,1610.75824,1168.24224,1373.459035,4/1/2023
1,1405.710783,12036.11967,2519.680796,3206.359357,1187.044661,3524.87557,1285.779109,87.57801304,239.3055261,239.8633478,609.6991609,182.4077087,1902.729952,3026.182935,1735.941252,1318.13277,1419.656326,5/1/2023
1,1311.302309,11926.10207,2805.551091,2984.593218,956.5646364,3439.170582,1189.709836,85.33783636,214.739,233.7029636,595.1338,188.5241091,1943.248509,2959.493855,1465.802836,1238.793036,1443.492291,6/1/2023
1,1318.857295,11047.89859,2632.777105,2934.512343,1073.628838,3415.642895,1192.128495,68.57619048,223.2840762,201.8883048,568.9080762,153.0620571,1921.230552,2673.922819,1660.641029,1170.184114,1435.162514,7/1/2023
1,1387.707743,12204.84171,2763.58363,3510.117435,1063.740243,3483.636613,1202.905413,59.15928261,243.961613,251.8495174,610.1857435,171.2802087,2057.616191,2874.014291,1621.527765,1222.625174,1606.8788,8/1/2023
1,1399.850024,12569.11991,3227.321576,3094.435205,984.7220857,3524.896186,1218.125071,63.03584286,241.3534524,224.3167381,586.0629714,173.2065952,2049.516729,2894.537757,1619.055748,1202.224138,1619.623638,9/1/2023
1,1433.878636,12398.93313,2943.852218,3626.435236,1060.218382,3740.009782,1357.783691,81.77367273,237.9386727,275.9861455,611.0310545,138.5609455,2152.237636,3034.711855,1835.364655,1234.555309,1621.276636,10/1/2023
1,1348.111936,12464.18133,2960.493955,3069.770191,1092.204832,3584.372059,1309.084709,69.69147727,239.7386818,252.0043818,613.285,181.1978409,2042.796582,2899.165455,1543.248073,1276.747864,1619.629932,11/1/2023
1,1271.4523,12695.08183,3173.909324,3174.464786,1061.4877,3704.930905,1277.562381,66.09996667,214.4082952,257.1788619,553.2400571,211.6309857,1886.348629,2950.613638,1598.0639,1098.703648,1589.17651,12/1/2023
1,1348.22873,12466.0767,2758.045983,3016.717774,1035.247061,3485.350435,1346.549043,77.2656,202.6822261,265.9504348,578.9321043,158.4504696,2066.574852,3049.751617,1936.119165,1282.720939,1696.483826,1/1/2024
1,1330.502648,10132.89295,2333.703886,3414.246895,1033.46541,3250.035743,1179.742238,61.6492381,209.0469619,240.9924762,536.908819,188.3104,1881.983105,2702.478419,1317.612352,1186.46761,1270.534752,2/1/2024
1,1332.542476,12341.10962,3069.207524,3187.705429,1003.878476,3409.050571,1381.171333,65.39742857,200.1049524,271.0919048,535.476381,163.7730476,2150.28981,2912.700857,1850.132381,1308.507524,1686.359333,3/1/2024
1,1350.9,12534.87,2831.19,3105.93,963.3,3524.31,1284.78,71.25,213.75,275.88,628.71,163.02,2233.83,3124.74,1777.26,1283.64,1702.02,4/1/2024
1,1493.108765,12719.46003,2871.7632,3565.425809,1127.779791,3518.02553,1452.645113,71.67846957,242.2038609,283.8236174,639.3257043,154.9179826,2261.340104,3071.1912,1809.303304,1326.051687,1846.298643,5/1/2024
1,1395.524815,12235.6469,3226.67412,3287.732,1083.190275,3343.506025,1397.873195,65.75464,196.08973,291.19912,579.462765,154.99308,2125.870995,2882.049355,2065.40021,1295.718665,1747.19472,6/1/2024
1,1520.502609,12573.38696,3087.205104,3477.857313,1271.374104,3788.975539,1569.04173,52.63278261,249.713313,246.2044609,650.3072696,197.6653391,2305.315878,3148.610017,2050.339287,1444.477478,1948.582574,7/1/2024
1,1433.648877,12361.73285,3027.921109,3902.236177,1177.335014,3561.623532,1603.385614,46.13649545,247.2004818,256.88345,633.3800364,148.6620409,2169.554459,3078.614295,1829.5114,1341.945473,1875.647895,8/1/2024
1,1370.1064,12432.9868,3247.5558,3291.8432,1055.0492,3652.8696,1462.0448,47.651,247.7852,261.2396,635.7204,144.0742,2135.3254,2920.726,1874.0858,1300.0314,1670.0274,9/1/2024
1,1543.054939,12253.60394,3137.276752,3740.930883,1261.349678,3803.021022,1561.452017,54.61632609,254.1096435,267.3325435,687.5908,166.7235217,2258.816265,3123.478943,1969.062283,1463.14263,1808.087848,10/1/2024
1,1452.895714,12605.26451,3305.557886,3752.873657,1152.337086,3539.195257,1472.854686,50.48445714,237.1595429,240.0946857,614.0318857,199.5897143,2277.083829,2977.408914,1945.412686,1375.407943,1799.8296,11/1/2024
1,1423.030764,13476.45753,3313.787273,3414.806691,1239.093673,3714.945309,1562.005455,54.88916364,222.4762909,279.7011636,571.6648,209.0459636,2427.385673,3204.008945,2190.3112,1310.3328,1911.777891,12/1/2024
1,1421.635904,10862.02256,2904.015496,3471.151265,1047.8286,3958.852983,1555.38883,70.67294348,219.0277174,313.6476913,668.7646304,206.1780913,2346.808983,2979.36103,1672.787687,1437.989974,1652.929174,1/1/2025
1,1322.332775,10644.22763,2715.453,2956.8266,1093.724125,3285.23395,1379.77505,70.78745,204.2392,293.59385,545.991725,162.463,2011.05985,2802.48675,2011.640075,1278.8159,1763.303775,2/1/2025
1,1312.723657,12121.46534,3697.198971,3643.840886,1085.521486,3576.139229,1493.452657,62.53797143,216.8748,284.5764571,615.0523429,181.3027429,2305.872543,3057.475686,2445.292057,1469.355457,1992.0352,3/1/2025
1,1339.590318,12465.17468,3294.744818,3686.002864,1168.663364,3651.931045,,,,,581.4923636,,,3026.713182,2342.4375,1500.295727,,4/1/2025
1,1447.942414,,3288.603745,3371.48635,1129.762214,3371.48635,,,,,588.5221182,,,2799.095745,2176.641823,1521.368614,,5/1/2025
,,,,,,,,,,,,,,2858.506743,2325.354657,,,6/1/2025