,ds,unique_id,y
0,1/1/2010,USA,1.0
1,2/1/2010,USA,1.0
9,10/1/2010,USA,1.0
10,11/1/2010,USA,1.0
11,12/1/2010,USA,1.0
12,1/1/2011,USA,1.0
13,2/1/2011,USA,1.0
21,10/1/2011,USA,1.0
22,11/1/2011,USA,1.0
23,12/1/2011,USA,1.0
24,1/1/2012,USA,1.0
25,2/1/2012,USA,1.0
33,10/1/2012,USA,1.0
34,11/1/2012,USA,1.0
35,12/1/2012,USA,1.0
36,1/1/2013,USA,1.0
37,2/1/2013,USA,1.0
45,10/1/2013,USA,1.0
46,11/1/2013,USA,1.0
47,12/1/2013,USA,1.0
48,1/1/2014,USA,1.0
49,2/1/2014,USA,1.0
57,10/1/2014,USA,1.0
58,11/1/2014,USA,1.0
59,12/1/2014,USA,1.0
60,1/1/2015,USA,1.0
61,2/1/2015,USA,1.0
69,10/1/2015,USA,1.0
70,11/1/2015,USA,1.0
71,12/1/2015,USA,1.0
72,1/1/2016,USA,1.0
73,2/1/2016,USA,1.0
81,10/1/2016,USA,1.0
82,11/1/2016,USA,1.0
83,12/1/2016,USA,1.0
84,1/1/2017,USA,1.0
85,2/1/2017,USA,1.0
93,10/1/2017,USA,1.0
94,11/1/2017,USA,1.0
95,12/1/2017,USA,1.0
96,1/1/2018,USA,1.0
97,2/1/2018,USA,1.0
105,10/1/2018,USA,1.0
106,11/1/2018,USA,1.0
107,12/1/2018,USA,1.0
108,1/1/2019,USA,1.0
109,2/1/2019,USA,1.0
117,10/1/2019,USA,1.0
118,11/1/2019,USA,1.0
119,12/1/2019,USA,1.0
120,1/1/2020,USA,1.0
121,2/1/2020,USA,1.0
129,10/1/2020,USA,1.0
130,11/1/2020,USA,1.0
131,12/1/2020,USA,1.0
132,1/1/2021,USA,1.0
133,2/1/2021,USA,1.0
141,10/1/2021,USA,1.0
142,11/1/2021,USA,1.0
143,12/1/2021,USA,1.0
144,1/1/2022,USA,1.0
145,2/1/2022,USA,1.0
153,10/1/2022,USA,1.0
154,11/1/2022,USA,1.0
155,12/1/2022,USA,1.0
156,1/1/2023,USA,1.0
157,2/1/2023,USA,1.0
165,10/1/2023,USA,1.0
166,11/1/2023,USA,1.0
167,12/1/2023,USA,1.0
168,1/1/2024,USA,1.0
169,2/1/2024,USA,1.0
177,10/1/2024,USA,1.0
178,11/1/2024,USA,1.0
179,12/1/2024,USA,1.0
180,1/1/2025,USA,1.0
181,2/1/2025,USA,1.0
183,1/1/2010,AUS,681.9545333
184,2/1/2010,AUS,656.50505
192,10/1/2010,AUS,815.7006667
193,11/1/2010,AUS,854.6784136
194,12/1/2010,AUS,822.4509913
195,1/1/2011,AUS,739.0068095
196,2/1/2011,AUS,762.04952
204,10/1/2011,AUS,973.6303048
205,11/1/2011,AUS,1019.8063
206,12/1/2011,AUS,937.4996091
207,1/1/2012,AUS,949.16745
208,2/1/2012,AUS,878.9872857
216,10/1/2012,AUS,975.6605739
217,11/1/2012,AUS,1009.925164
218,12/1/2012,AUS,862.2003762
219,1/1/2013,AUS,859.6782174
220,2/1/2013,AUS,787.26371
228,10/1/2013,AUS,959.1278478
229,11/1/2013,AUS,927.0428214
230,12/1/2013,AUS,866.0471864
231,1/1/2014,AUS,870.9222261
232,2/1/2014,AUS,804.25015
240,10/1/2014,AUS,935.4296957
241,11/1/2014,AUS,899.39
242,12/1/2014,AUS,821.2223957
243,1/1/2015,AUS,780.3689659
244,2/1/2015,AUS,725.2408
252,10/1/2015,AUS,834.3081818
253,11/1/2015,AUS,819.134
254,12/1/2015,AUS,776.5437065
255,1/1/2016,AUS,688.4378095
256,2/1/2016,AUS,711.6775714
264,10/1/2016,AUS,876.6200333
265,11/1/2016,AUS,902.0236364
266,12/1/2016,AUS,841.0285
267,1/1/2017,AUS,869.6379455
268,2/1/2017,AUS,801.19224
276,10/1/2017,AUS,1012.343373
277,11/1/2017,AUS,1017.936364
278,12/1/2017,AUS,983.4767143
279,1/1/2018,AUS,1026.674
280,2/1/2018,AUS,975.698935
288,10/1/2018,AUS,1135.272261
289,11/1/2018,AUS,1138.462709
290,12/1/2018,AUS,932.4074762
291,1/1/2019,AUS,1010.485287
292,2/1/2019,AUS,920.35818
300,10/1/2019,AUS,1049.007876
301,11/1/2019,AUS,965.9129595
302,12/1/2019,AUS,933.3447545
303,1/1/2020,AUS,902.3412435
304,2/1/2020,AUS,785.883735
312,10/1/2020,AUS,924.8951636
313,11/1/2020,AUS,1029.771771
314,12/1/2020,AUS,993.790913
315,1/1/2021,AUS,905.7823429
316,2/1/2021,AUS,939.97638
324,10/1/2021,AUS,1074.750495
325,11/1/2021,AUS,1229.593636
326,12/1/2021,AUS,1232.401148
327,1/1/2022,AUS,1108.129929
328,2/1/2022,AUS,1238.43615
336,10/1/2022,AUS,1447.553643
337,11/1/2022,AUS,1472.80465
338,12/1/2022,AUS,1368.9536
339,1/1/2023,AUS,1412.402223
340,2/1/2023,AUS,1188.227775
348,10/1/2023,AUS,1433.878636
349,11/1/2023,AUS,1348.111936
350,12/1/2023,AUS,1271.4523
351,1/1/2024,AUS,1348.22873
352,2/1/2024,AUS,1330.502648
360,10/1/2024,AUS,1543.054939
361,11/1/2024,AUS,1452.895714
362,12/1/2024,AUS,1423.030764
363,1/1/2025,AUS,1421.635904
364,2/1/2025,AUS,1322.332775
366,1/1/2010,CHN,4389.967424
367,2/1/2010,CHN,4028.259508
375,10/1/2010,CHN,4734.10105
376,11/1/2010,CHN,5705.697177
377,12/1/2010,CHN,6216.270874
378,1/1/2011,CHN,6412.986038
379,2/1/2011,CHN,4568.364525
387,10/1/2011,CHN,6078.470229
388,11/1/2011,CHN,6919.4334
389,12/1/2011,CHN,6909.363382
390,1/1/2012,CHN,5353.77508
391,2/1/2012,CHN,6247.210121
399,10/1/2012,CHN,5940.513978
400,11/1/2012,CHN,6568.211418
401,12/1/2012,CHN,6899.244514
402,1/1/2013,CHN,6486.292522
403,2/1/2013,CHN,5064.70273
411,10/1/2013,CHN,6655.648304
412,11/1/2013,CHN,7336.582893
413,12/1/2013,CHN,8052.161027
414,1/1/2014,CHN,7872.938987
415,2/1/2014,CHN,6128.0901
423,10/1/2014,CHN,7219.437522
424,11/1/2014,CHN,7051.2176
425,12/1/2014,CHN,7931.185389
426,1/1/2015,CHN,6264.343909
427,2/1/2015,CHN,4797.20256
435,10/1/2015,CHN,6067.2745
436,11/1/2015,CHN,6714.0742
437,12/1/2015,CHN,7718.702824
438,1/1/2016,CHN,5351.08256
439,2/1/2016,CHN,4456.797429
447,10/1/2016,CHN,6221.439586
448,11/1/2016,CHN,7417.296
449,12/1/2016,CHN,8433.67455
450,1/1/2017,CHN,6547.159818
451,2/1/2017,CHN,6491.05748
459,10/1/2017,CHN,7771.420909
460,11/1/2017,CHN,9029.095545
461,12/1/2017,CHN,8937.816257
462,1/1/2018,CHN,9166.19
463,2/1/2018,CHN,7183.51201
471,10/1/2018,CHN,9804.329896
472,11/1/2018,CHN,9624.705127
473,12/1/2018,CHN,8666.370905
474,1/1/2019,CHN,9421.58233
475,2/1/2019,CHN,6906.338565
483,10/1/2019,CHN,8780.489172
484,11/1/2019,CHN,9353.062588
485,12/1/2019,CHN,9718.871195
486,1/1/2020,CHN,7981.701687
487,2/1/2020,CHN,7232.467185
495,10/1/2020,CHN,8681.689073
496,11/1/2020,CHN,9301.257829
497,12/1/2020,CHN,9904.237609
498,1/1/2021,CHN,9710.717495
499,2/1/2021,CHN,8181.56214
507,10/1/2021,CHN,10900.31549
508,11/1/2021,CHN,12749.97893
509,12/1/2021,CHN,12417.22252
510,1/1/2022,CHN,12510.43307
511,2/1/2022,CHN,9672.62222
519,10/1/2022,CHN,12444.26339
520,11/1/2022,CHN,12919.65156
521,12/1/2022,CHN,12661.15405
522,1/1/2023,CHN,10577.9093
523,2/1/2023,CHN,10791.19377
531,10/1/2023,CHN,12398.93313
532,11/1/2023,CHN,12464.18133
533,12/1/2023,CHN,12695.08183
534,1/1/2024,CHN,12466.0767
535,2/1/2024,CHN,10132.89295
543,10/1/2024,CHN,12253.60394
544,11/1/2024,CHN,12605.26451
545,12/1/2024,CHN,13476.45753
546,1/1/2025,CHN,10862.02256
547,2/1/2025,CHN,10644.22763
549,1/1/2010,HKG,1490.741581
550,2/1/2010,HKG,1202.976155
558,10/1/2010,HKG,1657.868217
559,11/1/2010,HKG,1665.795236
560,12/1/2010,HKG,1676.09537
561,1/1/2011,HKG,1704.140852
562,2/1/2011,HKG,1419.22984
570,10/1/2011,HKG,1832.817867
571,11/1/2011,HKG,1796.57465
572,12/1/2011,HKG,1801.606891
573,1/1/2012,HKG,1505.24535
574,2/1/2012,HKG,1681.169857
582,10/1/2012,HKG,1815.076526
583,11/1/2012,HKG,1865.362182
584,12/1/2012,HKG,1900.452138
585,1/1/2013,HKG,1746.246843
586,2/1/2013,HKG,1310.7493
594,10/1/2013,HKG,2010.155935
595,11/1/2013,HKG,2080.725167
596,12/1/2013,HKG,2082.668859
597,1/1/2014,HKG,1875.901696
598,2/1/2014,HKG,1541.66635
606,10/1/2014,HKG,2204.781348
607,11/1/2014,HKG,2197.659465
608,12/1/2014,HKG,2143.75683
609,1/1/2015,HKG,2005.517045
610,2/1/2015,HKG,1507.08576
618,10/1/2015,HKG,2088.551482
619,11/1/2015,HKG,2116.096167
620,12/1/2015,HKG,2161.576676
621,1/1/2016,HKG,1939.797143
622,2/1/2016,HKG,1454.794714
630,10/1/2016,HKG,2187.440171
631,11/1/2016,HKG,2382.722545
632,12/1/2016,HKG,2474.3158
633,1/1/2017,HKG,1979.570586
634,2/1/2017,HKG,1920.4608
642,10/1/2017,HKG,2496.6333
643,11/1/2017,HKG,2654.778036
644,12/1/2017,HKG,2707.453543
645,1/1/2018,HKG,2471.304
646,2/1/2018,HKG,1915.04932
654,10/1/2018,HKG,2945.775339
655,11/1/2018,HKG,2757.000055
656,12/1/2018,HKG,2642.437505
657,1/1/2019,HKG,2400.623583
658,2/1/2019,HKG,1844.89032
666,10/1/2019,HKG,2486.956387
667,11/1/2019,HKG,2499.293438
668,12/1/2019,HKG,2496.87495
669,1/1/2020,HKG,1962.871961
670,2/1/2020,HKG,1810.52982
678,10/1/2020,HKG,2387.937618
679,11/1/2020,HKG,2523.013257
680,12/1/2020,HKG,2717.291804
681,1/1/2021,HKG,2562.537095
682,2/1/2021,HKG,2029.69206
690,10/1/2021,HKG,2928.276267
691,11/1/2021,HKG,3144.030614
692,12/1/2021,HKG,3374.239774
693,1/1/2022,HKG,2980.310571
694,2/1/2022,HKG,2274.31235
702,10/1/2022,HKG,2959.116757
703,11/1/2022,HKG,2841.024655
704,12/1/2022,HKG,2852.912636
705,1/1/2023,HKG,2222.157523
706,2/1/2023,HKG,2319.37671
714,10/1/2023,HKG,2943.852218
715,11/1/2023,HKG,2960.493955
716,12/1/2023,HKG,3173.909324
717,1/1/2024,HKG,2758.045983
718,2/1/2024,HKG,2333.703886
726,10/1/2024,HKG,3137.276752
727,11/1/2024,HKG,3305.557886
728,12/1/2024,HKG,3313.787273
729,1/1/2025,HKG,2904.015496
730,2/1/2025,HKG,2715.453
732,1/1/2010,IND,1161.252767
733,2/1/2010,IND,1209.44874
741,10/1/2010,IND,1408.3853
742,11/1/2010,IND,1256.316282
743,12/1/2010,IND,1384.3713
744,1/1/2011,IND,1475.801024
745,2/1/2011,IND,1440.640635
753,10/1/2011,IND,1785.13339
754,11/1/2011,IND,1693.900864
755,12/1/2011,IND,1749.1838
756,1/1/2012,IND,1871.751239
757,2/1/2012,IND,1711.891743
765,10/1/2012,IND,1832.055339
766,11/1/2012,IND,1661.980182
767,12/1/2012,IND,1766.6695
768,1/1/2013,IND,1823.251196
769,2/1/2013,IND,1660.418135
777,10/1/2013,IND,1642.986435
778,11/1/2013,IND,1471.849369
779,12/1/2013,IND,1617.151918
780,1/1/2014,IND,1635.228457
781,2/1/2014,IND,1510.26785
789,10/1/2014,IND,1769.114043
790,11/1/2014,IND,1921.09704
791,12/1/2014,IND,1578.55208
792,1/1/2015,IND,1438.178557
793,2/1/2015,IND,1270.49806
801,10/1/2015,IND,1443.816659
802,11/1/2015,IND,1407.592333
803,12/1/2015,IND,1609.734978
804,1/1/2016,IND,1372.596655
805,2/1/2016,IND,1306.171286
813,10/1/2016,IND,1668.140714
814,11/1/2016,IND,1649.273818
815,12/1/2016,IND,1721.869
816,1/1/2017,IND,1604.949664
817,2/1/2017,IND,1712.911
825,10/1/2017,IND,1929.988636
826,11/1/2017,IND,2106.619305
827,12/1/2017,IND,2114.349171
828,1/1/2018,IND,2059.42
829,2/1/2018,IND,1966.456555
837,10/1/2018,IND,2409.68953
838,11/1/2018,IND,2303.303145
839,12/1/2018,IND,2237.249667
840,1/1/2019,IND,2174.090296
841,2/1/2019,IND,1909.064955
849,10/1/2019,IND,1954.478137
850,11/1/2019,IND,1955.174314
851,12/1/2019,IND,2010.398195
852,1/1/2020,IND,2093.085804
853,2/1/2020,IND,1925.33895
861,10/1/2020,IND,1653.262236
862,11/1/2020,IND,1632.2824
863,12/1/2020,IND,2065.026326
864,1/1/2021,IND,2020.702329
865,2/1/2021,IND,1968.34725
873,10/1/2021,IND,2723.175086
874,11/1/2021,IND,2672.350432
875,12/1/2021,IND,3039.687704
876,1/1/2022,IND,2695.7145
877,2/1/2022,IND,2866.6079
885,10/1/2022,IND,3400.723386
886,11/1/2022,IND,3272.579977
887,12/1/2022,IND,3401.271891
888,1/1/2023,IND,2902.264077
889,2/1/2023,IND,2940.65793
897,10/1/2023,IND,3626.435236
898,11/1/2023,IND,3069.770191
899,12/1/2023,IND,3174.464786
900,1/1/2024,IND,3016.717774
901,2/1/2024,IND,3414.246895
909,10/1/2024,IND,3740.930883
910,11/1/2024,IND,3752.873657
911,12/1/2024,IND,3414.806691
912,1/1/2025,IND,3471.151265
913,2/1/2025,IND,2956.8266
915,1/1/2010,IDN,436.1016524
916,2/1/2010,IDN,439.211125
924,10/1/2010,IDN,525.8666
925,11/1/2010,IDN,566.7362977
926,12/1/2010,IDN,577.7366739
927,1/1/2011,IDN,555.8039238
928,2/1/2011,IDN,513.422125
936,10/1/2011,IDN,673.2181048
937,11/1/2011,IDN,666.7297773
938,12/1/2011,IDN,719.9437818
939,1/1/2012,IDN,634.0856932
940,2/1/2012,IDN,634.4922786
948,10/1/2012,IDN,712.6960304
949,11/1/2012,IDN,696.0184
950,12/1/2012,IDN,639.3661048
951,1/1/2013,IDN,629.4800217
952,2/1/2013,IDN,623.216515
960,10/1/2013,IDN,676.0923696
961,11/1/2013,IDN,660.3055357
962,12/1/2013,IDN,683.4655182
963,1/1/2014,IDN,671.1859304
964,2/1/2014,IDN,618.55045
972,10/1/2014,IDN,687.1172609
973,11/1/2014,IDN,631.37178
974,12/1/2014,IDN,644.735537
975,1/1/2015,IDN,561.9904432
976,2/1/2015,IDN,508.99522
984,10/1/2015,IDN,514.95355
985,11/1/2015,IDN,542.3232
986,12/1/2015,IDN,570.2521565
987,1/1/2016,IDN,497.7861786
988,2/1/2016,IDN,484.9315714
996,10/1/2016,IDN,556.5304238
997,11/1/2016,IDN,624.5158182
998,12/1/2016,IDN,635.9967
999,1/1/2017,IDN,595.5129409
1000,2/1/2017,IDN,568.13632
1008,10/1/2017,IDN,733.3956818
1009,11/1/2017,IDN,769.0509227
1010,12/1/2017,IDN,759.6162857
1011,1/1/2018,IDN,774.686
1012,2/1/2018,IDN,736.837035
1020,10/1/2018,IDN,952.981513
1021,11/1/2018,IDN,891.5671818
1022,12/1/2018,IDN,811.4322286
1023,1/1/2019,IDN,786.0495304
1024,2/1/2019,IDN,638.094135
1032,10/1/2019,IDN,759.360287
1033,11/1/2019,IDN,778.6182238
1034,12/1/2019,IDN,736.8243955
1035,1/1/2020,IDN,725.8404478
1036,2/1/2020,IDN,586.745775
1044,10/1/2020,IDN,523.5896545
1045,11/1/2020,IDN,611.2006857
1046,12/1/2020,IDN,694.5953913
1047,1/1/2021,IDN,640.8746619
1048,2/1/2021,IDN,640.49778
1056,10/1/2021,IDN,827.0045143
1057,11/1/2021,IDN,974.1002045
1058,12/1/2021,IDN,1075.705826
1059,1/1/2022,IDN,933.7827857
1060,2/1/2022,IDN,853.31584
1068,10/1/2022,IDN,1123.982829
1069,11/1/2022,IDN,1089.519164
1070,12/1/2022,IDN,1103.385491
1071,1/1/2023,IDN,1013.018164
1072,2/1/2023,IDN,873.74532
1080,10/1/2023,IDN,1060.218382
1081,11/1/2023,IDN,1092.204832
1082,12/1/2023,IDN,1061.4877
1083,1/1/2024,IDN,1035.247061
1084,2/1/2024,IDN,1033.46541
1092,10/1/2024,IDN,1261.349678
1093,11/1/2024,IDN,1152.337086
1094,12/1/2024,IDN,1239.093673
1095,1/1/2025,IDN,1047.8286
1096,2/1/2025,IDN,1093.724125
1098,1/1/2010,JPN,2448.87851
1099,2/1/2010,JPN,2298.69233
1107,10/1/2010,JPN,2601.99835
1108,11/1/2010,JPN,2790.119898
1109,12/1/2010,JPN,2839.916243
1110,1/1/2011,JPN,2928.148538
1111,2/1/2011,JPN,2621.73
1119,10/1/2011,JPN,3269.421086
1120,11/1/2011,JPN,3289.026945
1121,12/1/2011,JPN,3272.51145
1122,1/1/2012,JPN,3399.65807
1123,2/1/2012,JPN,2946.314179
1131,10/1/2012,JPN,2991.169917
1132,11/1/2012,JPN,3017.860182
1133,12/1/2012,JPN,2916.543586
1134,1/1/2013,JPN,2938.388296
1135,2/1/2013,JPN,2645.10837
1143,10/1/2013,JPN,3176.382913
1144,11/1/2013,JPN,3137.214024
1145,12/1/2013,JPN,3168.875055
1146,1/1/2014,JPN,3482.789191
1147,2/1/2014,JPN,2901.2214
1155,10/1/2014,JPN,3081.494565
1156,11/1/2014,JPN,2741.790415
1157,12/1/2014,JPN,2828.257761
1158,1/1/2015,JPN,2752.015057
1159,2/1/2015,JPN,2374.7214
1167,10/1/2015,JPN,2484.847868
1168,11/1/2015,JPN,2445.632833
1169,12/1/2015,JPN,2401.856765
1170,1/1/2016,JPN,2415.237619
1171,2/1/2016,JPN,2264.1255
1179,10/1/2016,JPN,2509.947376
1180,11/1/2016,JPN,2649.386364
1181,12/1/2016,JPN,2591.7612
1182,1/1/2017,JPN,2824.333305
1183,2/1/2017,JPN,2451.58824
1191,10/1/2017,JPN,2922.774791
1192,11/1/2017,JPN,3071.622977
1193,12/1/2017,JPN,3093.801429
1194,1/1/2018,JPN,3220.184
1195,2/1/2018,JPN,3119.224855
1203,10/1/2018,JPN,3682.488835
1204,11/1/2018,JPN,3567.323836
1205,12/1/2018,JPN,3324.970343
1206,1/1/2019,JPN,3368.109496
1207,2/1/2019,JPN,2863.33656
1215,10/1/2019,JPN,3123.8724
1216,11/1/2019,JPN,3015.496002
1217,12/1/2019,JPN,3132.646241
1218,1/1/2020,JPN,3138.357087
1219,2/1/2020,JPN,2406.92769
1227,10/1/2020,JPN,2639.299473
1228,11/1/2020,JPN,2676.054819
1229,12/1/2020,JPN,2778.862587
1230,1/1/2021,JPN,2851.483586
1231,2/1/2021,JPN,2691.92619
1239,10/1/2021,JPN,3265.373257
1240,11/1/2021,JPN,3682.733727
1241,12/1/2021,JPN,3754.137757
1242,1/1/2022,JPN,3831.534857
1243,2/1/2022,JPN,3528.64561
1251,10/1/2022,JPN,4476.5523
1252,11/1/2022,JPN,4395.428314
1253,12/1/2022,JPN,4235.2002
1254,1/1/2023,JPN,4256.983595
1255,2/1/2023,JPN,3556.4508
1263,10/1/2023,JPN,3740.009782
1264,11/1/2023,JPN,3584.372059
1265,12/1/2023,JPN,3704.930905
1266,1/1/2024,JPN,3485.350435
1267,2/1/2024,JPN,3250.035743
1275,10/1/2024,JPN,3803.021022
1276,11/1/2024,JPN,3539.195257
1277,12/1/2024,JPN,3714.945309
1278,1/1/2025,JPN,3958.852983
1279,2/1/2025,JPN,3285.23395
1281,1/1/2010,MYS,537.2000333
1282,2/1/2010,MYS,475.27267
1290,10/1/2010,MYS,673.8208167
1291,11/1/2010,MYS,611.6047364
1292,12/1/2010,MYS,666.9234
1293,1/1/2011,MYS,649.6179619
1294,2/1/2011,MYS,562.79804
1302,10/1/2011,MYS,677.1195619
1303,11/1/2011,MYS,650.7005364
1304,12/1/2011,MYS,725.1860909
1305,1/1/2012,MYS,648.9028159
1306,2/1/2012,MYS,653.2667643
1314,10/1/2012,MYS,701.1007435
1315,11/1/2012,MYS,663.9703273
1316,12/1/2012,MYS,658.6537857
1317,1/1/2013,MYS,719.9295783
1318,2/1/2013,MYS,581.695885
1326,10/1/2013,MYS,800.3518478
1327,11/1/2013,MYS,716.5295714
1328,12/1/2013,MYS,763.9252364
1329,1/1/2014,MYS,784.9996304
1330,2/1/2014,MYS,657.5743
1338,10/1/2014,MYS,876.7132174
1339,11/1/2014,MYS,706.92054
1340,12/1/2014,MYS,751.5212565
1341,1/1/2015,MYS,679.2017727
1342,2/1/2015,MYS,597.43922
1350,10/1/2015,MYS,693.4028
1351,11/1/2015,MYS,626.5904333
1352,12/1/2015,MYS,661.832387
1353,1/1/2016,MYS,617.5971786
1354,2/1/2016,MYS,561.6250714
1362,10/1/2016,MYS,688.0476048
1363,11/1/2016,MYS,725.5621818
1364,12/1/2016,MYS,745.4797
1365,1/1/2017,MYS,730.8341773
1366,2/1/2017,MYS,709.17016
1374,10/1/2017,MYS,874.4135182
1375,11/1/2017,MYS,896.8019364
1376,12/1/2017,MYS,888.9019714
1377,1/1/2018,MYS,935.594
1378,2/1/2018,MYS,815.24605
1386,10/1/2018,MYS,1040.890957
1387,11/1/2018,MYS,970.7003636
1388,12/1/2018,MYS,926.0681619
1389,1/1/2019,MYS,941.2667826
1390,2/1/2019,MYS,711.138435
1398,10/1/2019,MYS,899.8110717
1399,11/1/2019,MYS,906.01925
1400,12/1/2019,MYS,903.3842864
1401,1/1/2020,MYS,898.7807087
1402,2/1/2020,MYS,754.387425
1410,10/1/2020,MYS,808.4340727
1411,11/1/2020,MYS,797.0713524
1412,12/1/2020,MYS,893.2573696
1413,1/1/2021,MYS,873.0895619
1414,2/1/2021,MYS,835.6419
1422,10/1/2021,MYS,1079.827257
1423,11/1/2021,MYS,1129.311205
1424,12/1/2021,MYS,1116.013304
1425,1/1/2022,MYS,1137.358714
1426,2/1/2022,MYS,1012.79975
1434,10/1/2022,MYS,1424.651171
1435,11/1/2022,MYS,1345.234368
1436,12/1/2022,MYS,1314.506582
1437,1/1/2023,MYS,1203.645768
1438,2/1/2023,MYS,1166.82321
1446,10/1/2023,MYS,1357.783691
1447,11/1/2023,MYS,1309.084709
1448,12/1/2023,MYS,1277.562381
1449,1/1/2024,MYS,1346.549043
1450,2/1/2024,MYS,1179.742238
1458,10/1/2024,MYS,1561.452017
1459,11/1/2024,MYS,1472.854686
1460,12/1/2024,MYS,1562.005455
1461,1/1/2025,MYS,1555.38883
1462,2/1/2025,MYS,1379.77505
1464,1/1/2010,MMR,12.40752857
1465,2/1/2010,MMR,12.4828425
1473,10/1/2010,MMR,17.35533333
1474,11/1/2010,MMR,19.1671
1475,12/1/2010,MMR,22.84586087
1476,1/1/2011,MMR,26.55114286
1477,2/1/2011,MMR,20.97384
1485,10/1/2011,MMR,41.18204762
1486,11/1/2011,MMR,35.95748636
1487,12/1/2011,MMR,35.38558636
1488,1/1/2012,MMR,29.63424545
1489,2/1/2012,MMR,29.44180714
1497,10/1/2012,MMR,27.33174783
1498,11/1/2012,MMR,35.33505455
1499,12/1/2012,MMR,32.41971905
1500,1/1/2013,MMR,34.22415652
1501,2/1/2013,MMR,28.49455
1509,10/1/2013,MMR,61.26682609
1510,11/1/2013,MMR,54.04480952
1511,12/1/2013,MMR,61.00791818
1512,1/1/2014,MMR,69.27790435
1513,2/1/2014,MMR,47.09775
1521,10/1/2014,MMR,62.75043478
1522,11/1/2014,MMR,69.25303
1523,12/1/2014,MMR,71.48834783
1524,1/1/2015,MMR,83.340375
1525,2/1/2015,MMR,61.02636
1533,10/1/2015,MMR,64.89063636
1534,11/1/2015,MMR,71.08576667
1535,12/1/2015,MMR,87.33166304
1536,1/1/2016,MMR,68.93886905
1537,2/1/2016,MMR,60.021
1545,10/1/2016,MMR,59.9563619
1546,11/1/2016,MMR,65.064
1547,12/1/2016,MMR,80.6193
1548,1/1/2017,MMR,87.06329545
1549,2/1/2017,MMR,83.52004
1557,10/1/2017,MMR,74.62622727
1558,11/1/2017,MMR,75.32729091
1559,12/1/2017,MMR,81.99831429
1560,1/1/2018,MMR,82.984
1561,2/1/2018,MMR,84.640195
1569,10/1/2018,MMR,80.89826087
1570,11/1/2018,MMR,77.02296364
1571,12/1/2018,MMR,79.76970476
1572,1/1/2019,MMR,82.32806957
1573,2/1/2019,MMR,57.913695
1581,10/1/2019,MMR,77.68523261
1582,11/1/2019,MMR,81.71938333
1583,12/1/2019,MMR,95.46725455
1584,1/1/2020,MMR,94.60849565
1585,2/1/2020,MMR,89.916885
1593,10/1/2020,MMR,53.378
1594,11/1/2020,MMR,61.7959619
1595,12/1/2020,MMR,69.74815217
1596,1/1/2021,MMR,81.25117619
1597,2/1/2021,MMR,52.65027
1605,10/1/2021,MMR,59.90579048
1606,11/1/2021,MMR,65.51113636
1607,12/1/2021,MMR,83.63801739
1608,1/1/2022,MMR,76.91785714
1609,2/1/2022,MMR,66.15249
1617,10/1/2022,MMR,78.69054286
1618,11/1/2022,MMR,75.27795909
1619,12/1/2022,MMR,77.78145455
1620,1/1/2023,MMR,86.79873636
1621,2/1/2023,MMR,79.581075
1629,10/1/2023,MMR,81.77367273
1630,11/1/2023,MMR,69.69147727
1631,12/1/2023,MMR,66.09996667
1632,1/1/2024,MMR,77.2656
1633,2/1/2024,MMR,61.6492381
1641,10/1/2024,MMR,54.61632609
1642,11/1/2024,MMR,50.48445714
1643,12/1/2024,MMR,54.88916364
1644,1/1/2025,MMR,70.67294348
1645,2/1/2025,MMR,70.78745
1647,1/1/2010,NZL,96.503
1648,2/1/2010,NZL,96.6264475
1656,10/1/2010,NZL,129.7311167
1657,11/1/2010,NZL,128.5066932
1658,12/1/2010,NZL,132.6817304
1659,1/1/2011,NZL,111.072281
1660,2/1/2011,NZL,121.47349
1668,10/1/2011,NZL,141.3194476
1669,11/1/2011,NZL,141.2306091
1670,12/1/2011,NZL,133.6788818
1671,1/1/2012,NZL,136.8404864
1672,2/1/2012,NZL,121.6074643
1680,10/1/2012,NZL,142.0422652
1681,11/1/2012,NZL,152.0229091
1682,12/1/2012,NZL,122.2921048
1683,1/1/2013,NZL,124.673713
1684,2/1/2013,NZL,119.270045
1692,10/1/2013,NZL,159.2074565
1693,11/1/2013,NZL,154.7250595
1694,12/1/2013,NZL,154.2881409
1695,1/1/2014,NZL,140.3552348
1696,2/1/2014,NZL,139.0505
1704,10/1/2014,NZL,173.9083478
1705,11/1/2014,NZL,149.29874
1706,12/1/2014,NZL,159.0615739
1707,1/1/2015,NZL,123.4507159
1708,2/1/2015,NZL,125.14826
1716,10/1/2015,NZL,146.0039318
1717,11/1/2015,NZL,150.6453333
1718,12/1/2015,NZL,142.0909761
1719,1/1/2016,NZL,120.2864405
1720,2/1/2016,NZL,122.4237857
1728,10/1/2016,NZL,164.3964762
1729,11/1/2016,NZL,161.6741818
1730,12/1/2016,NZL,154.2715
1731,1/1/2017,NZL,148.2563545
1732,2/1/2017,NZL,145.53492
1740,10/1/2017,NZL,196.6015091
1741,11/1/2017,NZL,203.5872727
1742,12/1/2017,NZL,171.0394286
1743,1/1/2018,NZL,178.618
1744,2/1/2018,NZL,160.452885
1752,10/1/2018,NZL,216.2680174
1753,11/1/2018,NZL,206.2738273
1754,12/1/2018,NZL,187.5380476
1755,1/1/2019,NZL,188.2533565
1756,2/1/2019,NZL,170.610615
1764,10/1/2019,NZL,196.5282043
1765,11/1/2019,NZL,193.3856214
1766,12/1/2019,NZL,166.5598909
1767,1/1/2020,NZL,169.3797261
1768,2/1/2020,NZL,140.20938
1776,10/1/2020,NZL,169.8390909
1777,11/1/2020,NZL,163.6627429
1778,12/1/2020,NZL,181.3451957
1779,1/1/2021,NZL,119.7132714
1780,2/1/2021,NZL,108.68175
1788,10/1/2021,NZL,237.084781
1789,11/1/2021,NZL,237.8558182
1790,12/1/2021,NZL,223.7065043
1791,1/1/2022,NZL,204.0887143
1792,2/1/2022,NZL,201.53433
1800,10/1/2022,NZL,275.4169
1801,11/1/2022,NZL,296.5147091
1802,12/1/2022,NZL,253.3453091
1803,1/1/2023,NZL,259.84685
1804,2/1/2023,NZL,203.617785
1812,10/1/2023,NZL,237.9386727
1813,11/1/2023,NZL,239.7386818
1814,12/1/2023,NZL,214.4082952
1815,1/1/2024,NZL,202.6822261
1816,2/1/2024,NZL,209.0469619
1824,10/1/2024,NZL,254.1096435
1825,11/1/2024,NZL,237.1595429
1826,12/1/2024,NZL,222.4762909
1827,1/1/2025,NZL,219.0277174
1828,2/1/2025,NZL,204.2392
1830,1/1/2010,PAK,145.2140381
1831,2/1/2010,PAK,124.828425
1839,10/1/2010,PAK,143.6153833
1840,11/1/2010,PAK,144.6244818
1841,12/1/2010,PAK,180.1308261
1842,1/1/2011,PAK,157.0942619
1843,2/1/2011,PAK,137.20387
1851,10/1/2011,PAK,169.0631429
1852,11/1/2011,PAK,174.1555364
1853,12/1/2011,PAK,195.2760136
1854,1/1/2012,PAK,164.2957432
1855,2/1/2012,PAK,139.9552571
1863,10/1/2012,PAK,157.7787261
1864,11/1/2012,PAK,149.9685455
1865,12/1/2012,PAK,163.7401
1866,1/1/2013,PAK,154.8235652
1867,2/1/2013,PAK,141.251555
1875,10/1/2013,PAK,158.776
1876,11/1/2013,PAK,158.2118214
1877,12/1/2013,PAK,176.3924591
1878,1/1/2014,PAK,190.2893087
1879,2/1/2014,PAK,159.23525
1887,10/1/2014,PAK,188.6995217
1888,11/1/2014,PAK,172.68288
1889,12/1/2014,PAK,185.4229022
1890,1/1/2015,PAK,155.9846591
1891,2/1/2015,PAK,156.54588
1899,10/1/2015,PAK,181.2302773
1900,11/1/2015,PAK,188.7774333
1901,12/1/2015,PAK,203.9312348
1902,1/1/2016,PAK,173.5357738
1903,2/1/2016,PAK,159.5796429
1911,10/1/2016,PAK,186.6383524
1912,11/1/2016,PAK,224.2736364
1913,12/1/2016,PAK,253.8015
1914,1/1/2017,PAK,233.8271364
1915,2/1/2017,PAK,218.55244
1923,10/1/2017,PAK,251.6705182
1924,11/1/2017,PAK,242.2688545
1925,12/1/2017,PAK,245.4918857
1926,1/1/2018,PAK,281.842
1927,2/1/2018,PAK,247.17014
1935,10/1/2018,PAK,258.8744348
1936,11/1/2018,PAK,241.6199818
1937,12/1/2018,PAK,232.4415238
1938,1/1/2019,PAK,234.3990261
1939,2/1/2019,PAK,216.00243
1947,10/1/2019,PAK,208.3610543
1948,11/1/2019,PAK,198.9689333
1949,12/1/2019,PAK,204.1374273
1950,1/1/2020,PAK,209.5629043
1951,2/1/2020,PAK,211.838085
1959,10/1/2020,PAK,188.7640182
1960,11/1/2020,PAK,207.1130286
1961,12/1/2020,PAK,239.5488261
1962,1/1/2021,PAK,230.7725714
1963,2/1/2021,PAK,222.67683
1971,10/1/2021,PAK,322.8820571
1972,11/1/2021,PAK,397.0982727
1973,12/1/2021,PAK,381.409513
1974,1/1/2022,PAK,309.7225714
1975,2/1/2022,PAK,300.50666
1983,10/1/2022,PAK,268.9572286
1984,11/1/2022,PAK,295.9400682
1985,12/1/2022,PAK,285.5690545
1986,1/1/2023,PAK,264.2417227
1987,2/1/2023,PAK,215.692155
1995,10/1/2023,PAK,275.9861455
1996,11/1/2023,PAK,252.0043818
1997,12/1/2023,PAK,257.1788619
1998,1/1/2024,PAK,265.9504348
1999,2/1/2024,PAK,240.9924762
2007,10/1/2024,PAK,267.3325435
2008,11/1/2024,PAK,240.0946857
2009,12/1/2024,PAK,279.7011636
2010,1/1/2025,PAK,313.6476913
2011,2/1/2025,PAK,293.59385
2013,1/1/2010,PHL,198.060919
2014,2/1/2010,PHL,180.7700525
2022,10/1/2010,PHL,212.6028333
2023,11/1/2010,PHL,216.0654909
2024,12/1/2010,PHL,217.4750217
2025,1/1/2011,PHL,234.5350952
2026,2/1/2011,PHL,213.23404
2034,10/1/2011,PHL,217.6146095
2035,11/1/2011,PHL,217.4778091
2036,12/1/2011,PHL,202.2657591
2037,1/1/2012,PHL,224.0000318
2038,2/1/2012,PHL,213.3464286
2046,10/1/2012,PHL,218.6539826
2047,11/1/2012,PHL,214.0646909
2048,12/1/2012,PHL,217.499381
2049,1/1/2013,PHL,194.7517478
2050,2/1/2013,PHL,191.727615
2058,10/1/2013,PHL,208.8249565
2059,11/1/2013,PHL,243.6374881
2060,12/1/2013,PHL,240.9370682
2061,1/1/2014,PHL,270.3637696
2062,2/1/2014,PHL,217.9953
2070,10/1/2014,PHL,250.5535217
2071,11/1/2014,PHL,249.13103
2072,12/1/2014,PHL,244.4007891
2073,1/1/2015,PHL,252.2494773
2074,2/1/2015,PHL,253.39206
2082,10/1/2015,PHL,302.6684682
2083,11/1/2015,PHL,286.6969
2084,12/1/2015,PHL,295.0394022
2085,1/1/2016,PHL,324.7258452
2086,2/1/2016,PHL,269.1417857
2094,10/1/2016,PHL,351.0348286
2095,11/1/2016,PHL,363.7669091
2096,12/1/2016,PHL,369.75395
2097,1/1/2017,PHL,394.5211045
2098,2/1/2017,PHL,341.58196
2106,10/1/2017,PHL,437.4640909
2107,11/1/2017,PHL,450.9458091
2108,12/1/2017,PHL,470.8614857
2109,1/1/2018,PHL,449.328
2110,2/1/2018,PHL,402.94964
2118,10/1/2018,PHL,578.1529043
2119,11/1/2018,PHL,512.2554636
2120,12/1/2018,PHL,470.1658095
2121,1/1/2019,PHL,501.8341565
2122,2/1/2019,PHL,416.35251
2130,10/1/2019,PHL,509.8414935
2131,11/1/2019,PHL,471.0284952
2132,12/1/2019,PHL,442.2977591
2133,1/1/2020,PHL,486.2673217
2134,2/1/2020,PHL,375.9237
2142,10/1/2020,PHL,404.7022909
2143,11/1/2020,PHL,387.6731048
2144,12/1/2020,PHL,399.2480435
2145,1/1/2021,PHL,404.8135524
2146,2/1/2021,PHL,389.32218
2154,10/1/2021,PHL,519.3527429
2155,11/1/2021,PHL,553.3171364
2156,12/1/2021,PHL,574.3815652
2157,1/1/2022,PHL,541.5017143
2158,2/1/2022,PHL,522.55339
2166,10/1/2022,PHL,647.1416286
2167,11/1/2022,PHL,621.7614636
2168,12/1/2022,PHL,573.3604364
2169,1/1/2023,PHL,604.295
2170,2/1/2023,PHL,492.85383
2178,10/1/2023,PHL,611.0310545
2179,11/1/2023,PHL,613.285
2180,12/1/2023,PHL,553.2400571
2181,1/1/2024,PHL,578.9321043
2182,2/1/2024,PHL,536.908819
2190,10/1/2024,PHL,687.5908
2191,11/1/2024,PHL,614.0318857
2192,12/1/2024,PHL,571.6648
2193,1/1/2025,PHL,668.7646304
2194,2/1/2025,PHL,545.991725
2196,1/1/2010,QAT,60.65902857
2197,2/1/2010,QAT,97.088775
2205,10/1/2010,QAT,64.64861667
2206,11/1/2010,QAT,68.39169773
2207,12/1/2010,QAT,81.27854348
2208,1/1/2011,QAT,63.72274286
2209,2/1/2011,QAT,78.214945
2217,10/1/2011,QAT,97.53642857
2218,11/1/2011,QAT,70.18208182
2219,12/1/2011,QAT,96.98271818
2220,1/1/2012,QAT,83.23736591
2221,2/1/2012,QAT,99.84612857
2229,10/1/2012,QAT,92.34817826
2230,11/1/2012,QAT,105.5942909
2231,12/1/2012,QAT,115.7260857
2232,1/1/2013,QAT,99.00559565
2233,2/1/2013,QAT,96.88147
2241,10/1/2013,QAT,100.5293696
2242,11/1/2013,QAT,101.5519405
2243,12/1/2013,QAT,110.5215909
2244,1/1/2014,QAT,107.9655652
2245,2/1/2014,QAT,115.27735
2253,10/1/2014,QAT,156.876087
2254,11/1/2014,QAT,114.22253
2255,12/1/2014,QAT,161.2955848
2256,1/1/2015,QAT,91.36244318
2257,2/1/2015,QAT,153.00812
2265,10/1/2015,QAT,131.1717864
2266,11/1/2015,QAT,128.5193
2267,12/1/2015,QAT,129.817337
2268,1/1/2016,QAT,84.15296429
2269,2/1/2016,QAT,152.9106429
2277,10/1/2016,QAT,103.4730762
2278,11/1/2016,QAT,104.9896364
2279,12/1/2016,QAT,124.4125
2280,1/1/2017,QAT,88.55580909
2281,2/1/2017,QAT,105.0252
2289,10/1/2017,QAT,134.8418727
2290,11/1/2017,QAT,125.7151409
2291,12/1/2017,QAT,176.07
2292,1/1/2018,QAT,112.332
2293,2/1/2018,QAT,156.81803
2301,10/1/2018,QAT,163.414487
2302,11/1/2018,QAT,140.8570636
2303,12/1/2018,QAT,149.5021619
2304,1/1/2019,QAT,127.4249739
2305,2/1/2019,QAT,148.17558
2313,10/1/2019,QAT,129.6468783
2314,11/1/2019,QAT,180.1887024
2315,12/1/2019,QAT,227.4964364
2316,1/1/2020,QAT,111.9025217
2317,2/1/2020,QAT,200.661975
2325,10/1/2020,QAT,118.4021091
2326,11/1/2020,QAT,112.005181
2327,12/1/2020,QAT,163.5473913
2328,1/1/2021,QAT,92.30902857
2329,2/1/2021,QAT,102.40236
2337,10/1/2021,QAT,161.9487048
2338,11/1/2021,QAT,151.6834773
2339,12/1/2021,QAT,162.2376
2340,1/1/2022,QAT,127.6836429
2341,2/1/2022,QAT,139.99713
2349,10/1/2022,QAT,163.8407571
2350,11/1/2022,QAT,203.4228818
2351,12/1/2022,QAT,195.0092182
2352,1/1/2023,QAT,128.0006682
2353,2/1/2023,QAT,178.92021
2361,10/1/2023,QAT,138.5609455
2362,11/1/2023,QAT,181.1978409
2363,12/1/2023,QAT,211.6309857
2364,1/1/2024,QAT,158.4504696
2365,2/1/2024,QAT,188.3104
2373,10/1/2024,QAT,166.7235217
2374,11/1/2024,QAT,199.5897143
2375,12/1/2024,QAT,209.0459636
2376,1/1/2025,QAT,206.1780913
2377,2/1/2025,QAT,162.463
2379,1/1/2010,SGP,1088.18621
2380,2/1/2010,SGP,1005.099985
2388,10/1/2010,SGP,1183.19985
2389,11/1/2010,SGP,1198.379366
2390,12/1/2010,SGP,1193.256887
2391,1/1/2011,SGP,1247.461195
2392,2/1/2011,SGP,1067.481065
2400,10/1/2011,SGP,1302.65319
2401,11/1/2011,SGP,1400.609077
2402,12/1/2011,SGP,1243.737832
2403,1/1/2012,SGP,1333.541045
2404,2/1/2012,SGP,1347.496043
2412,10/1/2012,SGP,1369.486213
2413,11/1/2012,SGP,1336.979855
2414,12/1/2012,SGP,1222.921048
2415,1/1/2013,SGP,1305.814543
2416,2/1/2013,SGP,1111.694515
2424,10/1/2013,SGP,1466.952174
2425,11/1/2013,SGP,1344.58256
2426,12/1/2013,SGP,1323.164486
2427,1/1/2014,SGP,1384.658374
2428,2/1/2014,SGP,1278.3675
2436,10/1/2014,SGP,1409.643696
2437,11/1/2014,SGP,1189.443275
2438,12/1/2014,SGP,1261.322537
2439,1/1/2015,SGP,1130.665943
2440,2/1/2015,SGP,936.62196
2448,10/1/2015,SGP,1156.907345
2449,11/1/2015,SGP,1078.9972
2450,12/1/2015,SGP,1112.652593
2451,1/1/2016,SGP,972.2757738
2452,2/1/2016,SGP,992.2519286
2460,10/1/2016,SGP,1149.324776
2461,11/1/2016,SGP,1233.751455
2462,12/1/2016,SGP,1268.0122
2463,1/1/2017,SGP,1279.084186
2464,2/1/2017,SGP,1107.26568
2472,10/1/2017,SGP,1490.465891
2473,11/1/2017,SGP,1556.933668
2474,12/1/2017,SGP,1497.601114
2475,1/1/2018,SGP,1473.472
2476,2/1/2018,SGP,1362.032095
2484,10/1/2018,SGP,1842.862383
2485,11/1/2018,SGP,1738.819782
2486,12/1/2018,SGP,1640.825848
2487,1/1/2019,SGP,1606.708313
2488,2/1/2019,SGP,1392.01566
2496,10/1/2019,SGP,1586.630843
2497,11/1/2019,SGP,1584.13786
2498,12/1/2019,SGP,1555.405323
2499,1/1/2020,SGP,1147.509496
2500,2/1/2020,SGP,1038.36222
2508,10/1/2020,SGP,1368.417818
2509,11/1/2020,SGP,1378.339619
2510,12/1/2020,SGP,1449.799522
2511,1/1/2021,SGP,1415.405105
2512,2/1/2021,SGP,1369.87308
2520,10/1/2021,SGP,1801.7428
2521,11/1/2021,SGP,1883.697136
2522,12/1/2021,SGP,2008.823948
2523,1/1/2022,SGP,1901.922214
2524,2/1/2022,SGP,1714.32383
2532,10/1/2022,SGP,2196.875529
2533,11/1/2022,SGP,2099.737882
2534,12/1/2022,SGP,2049.541327
2535,1/1/2023,SGP,1839.254236
2536,2/1/2023,SGP,1770.54171
2544,10/1/2023,SGP,2152.237636
2545,11/1/2023,SGP,2042.796582
2546,12/1/2023,SGP,1886.348629
2547,1/1/2024,SGP,2066.574852
2548,2/1/2024,SGP,1881.983105
2556,10/1/2024,SGP,2258.816265
2557,11/1/2024,SGP,2277.083829
2558,12/1/2024,SGP,2427.385673
2559,1/1/2025,SGP,2346.808983
2560,2/1/2025,SGP,2011.05985
2562,1/1/2010,KOR,1449.383152
2563,2/1/2010,KOR,1435.06456
2571,10/1/2010,KOR,1605.368333
2572,11/1/2010,KOR,1684.52672
2573,12/1/2010,KOR,1760.009974
2574,1/1/2011,KOR,1857.694962
2575,2/1/2011,KOR,1590.5162
2583,10/1/2011,KOR,1851.458162
2584,11/1/2011,KOR,1863.29095
2585,12/1/2011,KOR,1987.272005
2586,1/1/2012,KOR,1896.591709
2587,2/1/2012,KOR,1924.384786
2595,10/1/2012,KOR,1796.441243
2596,11/1/2012,KOR,1782.365891
2597,12/1/2012,KOR,1767.490252
2598,1/1/2013,KOR,1845.65987
2599,2/1/2013,KOR,1646.98499
2607,10/1/2013,KOR,1967.441739
2608,11/1/2013,KOR,1878.928821
2609,12/1/2013,KOR,1960.653023
2610,1/1/2014,KOR,2013.107935
2611,2/1/2014,KOR,1886.6013
2619,10/1/2014,KOR,1976.638696
2620,11/1/2014,KOR,1859.03913
2621,12/1/2014,KOR,1961.908346
2622,1/1/2015,KOR,1750.593545
2623,2/1/2015,KOR,1503.548
2631,10/1/2015,KOR,1703.842709
2632,11/1/2015,KOR,1602.9605
2633,12/1/2015,KOR,1673.935552
2634,1/1/2016,KOR,1489.079571
2635,2/1/2016,KOR,1389.057429
2643,10/1/2016,KOR,1694.734262
2644,11/1/2016,KOR,1835.593455
2645,12/1/2016,KOR,1905.9995
2646,1/1/2017,KOR,1873.104614
2647,2/1/2017,KOR,1810.4344
2655,10/1/2017,KOR,1948.516527
2656,11/1/2017,KOR,2138.175332
2657,12/1/2017,KOR,2189.807743
2658,1/1/2018,KOR,2317.986
2659,2/1/2018,KOR,2166.37358
2667,10/1/2018,KOR,2614.631791
2668,11/1/2018,KOR,2469.482827
2669,12/1/2018,KOR,2325.47179
2670,1/1/2019,KOR,2367.587478
2671,2/1/2019,KOR,1912.195425
2679,10/1/2019,KOR,2129.913
2680,11/1/2019,KOR,2067.348126
2681,12/1/2019,KOR,2218.598059
2682,1/1/2020,KOR,2172.943513
2683,2/1/2020,KOR,1878.60249
2691,10/1/2020,KOR,1896.860018
2692,11/1/2020,KOR,1928.227124
2693,12/1/2020,KOR,2147.281043
2694,1/1/2021,KOR,2137.530943
2695,2/1/2021,KOR,2048.0472
2703,10/1/2021,KOR,2733.836286
2704,11/1/2021,KOR,2890.552909
2705,12/1/2021,KOR,3081.506713
2706,1/1/2022,KOR,3107.994214
2707,2/1/2022,KOR,2742.50788
2715,10/1/2022,KOR,3474.715986
2716,11/1/2022,KOR,3381.76175
2717,12/1/2022,KOR,3312.3788
2718,1/1/2023,KOR,3243.416073
2719,2/1/2023,KOR,3038.899395
2727,10/1/2023,KOR,3034.711855
2728,11/1/2023,KOR,2899.165455
2729,12/1/2023,KOR,2950.613638
2730,1/1/2024,KOR,3049.751617
2731,2/1/2024,KOR,2702.478419
2739,10/1/2024,KOR,3123.478943
2740,11/1/2024,KOR,2977.408914
2741,12/1/2024,KOR,3204.008945
2742,1/1/2025,KOR,2979.36103
2743,2/1/2025,KOR,2802.48675
2745,1/1/2010,TWN,897.9374381
2746,2/1/2010,TWN,740.648655
2754,10/1/2010,TWN,933.7169333
2755,11/1/2010,TWN,1055.497348
2756,12/1/2010,TWN,992.4769174
2757,1/1/2011,TWN,1066.028386
2758,2/1/2011,TWN,911.051175
2766,10/1/2011,TWN,1044.290029
2767,11/1/2011,TWN,945.2919909
2768,12/1/2011,TWN,959.3425636
2769,1/1/2012,TWN,919.9690023
2770,2/1/2012,TWN,897.7617714
2778,10/1/2012,TWN,987.2558609
2779,11/1/2012,TWN,899.4004
2780,12/1/2012,TWN,914.3181524
2781,1/1/2013,TWN,1048.318509
2782,2/1/2013,TWN,783.19306
2790,10/1/2013,TWN,1001.410587
2791,11/1/2013,TWN,951.886
2792,12/1/2013,TWN,1091.511232
2793,1/1/2014,TWN,981.1370739
2794,2/1/2014,TWN,909.21085
2802,10/1/2014,TWN,1029.555348
2803,11/1/2014,TWN,1034.2985
2804,12/1/2014,TWN,963.305487
2805,1/1/2015,TWN,937.6906364
2806,2/1/2015,TWN,692.95874
2814,10/1/2015,TWN,862.5819591
2815,11/1/2015,TWN,959.4224667
2816,12/1/2015,TWN,863.4033065
2817,1/1/2016,TWN,882.8929643
2818,2/1/2016,TWN,641.1767143
2826,10/1/2016,TWN,1072.928767
2827,11/1/2016,TWN,1027.715455
2828,12/1/2016,TWN,1031.62845
2829,1/1/2017,TWN,996.9991091
2830,2/1/2017,TWN,954.72908
2838,10/1/2017,TWN,1136.891973
2839,11/1/2017,TWN,1152.812932
2840,12/1/2017,TWN,1168.601743
2841,1/1/2018,TWN,1242.736
2842,2/1/2018,TWN,996.469535
2850,10/1/2018,TWN,1407.629739
2851,11/1/2018,TWN,1212.320345
2852,12/1/2018,TWN,1252.014571
2853,1/1/2019,TWN,1375.455583
2854,2/1/2019,TWN,795.661125
2862,10/1/2019,TWN,1287.208291
2863,11/1/2019,TWN,1232.38921
2864,12/1/2019,TWN,1371.072273
2865,1/1/2020,TWN,1099.6966
2866,2/1/2020,TWN,1119.64302
2874,10/1/2020,TWN,1202.946018
2875,11/1/2020,TWN,1293.852952
2876,12/1/2020,TWN,1312.708326
2877,1/1/2021,TWN,1354.346529
2878,2/1/2021,TWN,1129.80717
2886,10/1/2021,TWN,1733.206514
2887,11/1/2021,TWN,1804.075909
2888,12/1/2021,TWN,1760.429113
2889,1/1/2022,TWN,1796.801143
2890,2/1/2022,TWN,1624.58208
2898,10/1/2022,TWN,2166.3389
2899,11/1/2022,TWN,1867.008314
2900,12/1/2022,TWN,1713.414327
2901,1/1/2023,TWN,1605.227264
2902,2/1/2023,TWN,1571.86344
2910,10/1/2023,TWN,1835.364655
2911,11/1/2023,TWN,1543.248073
2912,12/1/2023,TWN,1598.0639
2913,1/1/2024,TWN,1936.119165
2914,2/1/2024,TWN,1317.612352
2922,10/1/2024,TWN,1969.062283
2923,11/1/2024,TWN,1945.412686
2924,12/1/2024,TWN,2190.3112
2925,1/1/2025,TWN,1672.787687
2926,2/1/2025,TWN,2011.640075
2928,1/1/2010,THA,550.9861762
2929,2/1/2010,THA,587.6182525
2937,10/1/2010,THA,593.5524
2938,11/1/2010,THA,688.2731364
2939,12/1/2010,THA,647.1529435
2940,1/1/2011,THA,701.8352095
2941,2/1/2011,THA,689.951945
2949,10/1/2011,THA,715.2671429
2950,11/1/2011,THA,677.5603455
2951,12/1/2011,THA,791.1518136
2952,1/1/2012,THA,679.8444545
2953,2/1/2012,THA,735.6184857
2961,10/1/2012,THA,843.1430087
2962,11/1/2012,THA,770.3863636
2963,12/1/2012,THA,764.941219
2964,1/1/2013,THA,892.2726522
2965,2/1/2013,THA,742.48656
2973,10/1/2013,THA,840.0458478
2974,11/1/2013,THA,773.1894524
2975,12/1/2013,THA,753.75725
2976,1/1/2014,THA,870.9222261
2977,2/1/2014,THA,670.58225
2985,10/1/2014,THA,831.8914783
2986,11/1/2014,THA,767.17967
2987,12/1/2014,THA,705.0538304
2988,1/1/2015,THA,739.3672841
2989,2/1/2015,THA,675.71216
2997,10/1/2015,THA,683.6692045
2998,11/1/2015,THA,739.5744333
2999,12/1/2015,THA,684.491413
3000,1/1/2016,THA,648.97625
3001,2/1/2016,THA,604.4972143
3009,10/1/2016,THA,762.5095381
3010,11/1/2016,THA,788.6545455
3011,12/1/2016,THA,792.75645
3012,1/1/2017,THA,751.7293682
3013,2/1/2017,THA,713.67124
3021,10/1/2017,THA,928.4532
3022,11/1/2017,THA,904.4364591
3023,12/1/2017,THA,920.0915143
3024,1/1/2018,THA,939.136
3025,2/1/2018,THA,905.59816
3033,10/1/2018,THA,1093.205165
3034,11/1/2018,THA,1078.321491
3035,12/1/2018,THA,892.7867619
3036,1/1/2019,THA,1014.155965
3037,2/1/2019,THA,841.574685
3045,10/1/2019,THA,943.0266978
3046,11/1/2019,THA,891.8071833
3047,12/1/2019,THA,868.8535773
3048,1/1/2020,THA,968.4654609
3049,2/1/2020,THA,742.195305
3057,10/1/2020,THA,755.5413273
3058,11/1/2020,THA,815.8998095
3059,12/1/2020,THA,823.5092174
3060,1/1/2021,THA,854.8200667
3061,2/1/2021,THA,869.93703
3069,10/1/2021,THA,1003.168152
3070,11/1/2021,THA,1008.367568
3071,12/1/2021,THA,1193.101357
3072,1/1/2022,THA,1063.004786
3073,2/1/2022,THA,1060.49108
3081,10/1/2022,THA,1173.311229
3082,11/1/2022,THA,1220.537291
3083,12/1/2022,THA,1132.831327
3084,1/1/2023,THA,1250.89065
3085,2/1/2023,THA,1133.344275
3093,10/1/2023,THA,1234.555309
3094,11/1/2023,THA,1276.747864
3095,12/1/2023,THA,1098.703648
3096,1/1/2024,THA,1282.720939
3097,2/1/2024,THA,1186.46761
3105,10/1/2024,THA,1463.14263
3106,11/1/2024,THA,1375.407943
3107,12/1/2024,THA,1310.3328
3108,1/1/2025,THA,1437.989974
3109,2/1/2025,THA,1278.8159
3111,1/1/2010,VNM,274.803781
3112,2/1/2010,VNM,233.01306
3120,10/1/2010,VNM,314.5654167
3121,11/1/2010,VNM,343.2653364
3122,12/1/2010,VNM,379.1534217
3123,1/1/2011,VNM,357.5553905
3124,2/1/2011,VNM,264.79473
3132,10/1/2011,VNM,391.0127048
3133,11/1/2011,VNM,405.06325
3134,12/1/2011,VNM,399.2892091
3135,1/1/2012,VNM,299.3930386
3136,2/1/2012,VNM,366.9558571
3144,10/1/2012,VNM,418.2585652
3145,11/1/2012,VNM,403.4770182
3146,12/1/2012,VNM,396.4234
3147,1/1/2013,VNM,422.9127913
3148,2/1/2013,VNM,287.38789
3156,10/1/2013,VNM,527.6713261
3157,11/1/2013,VNM,468.0977857
3158,12/1/2013,VNM,525.1986
3159,1/1/2014,VNM,435.461113
3160,2/1/2014,VNM,437.33625
3168,10/1/2014,VNM,611.3685217
3169,11/1/2014,VNM,557.6218
3170,12/1/2014,VNM,602.7361326
3171,1/1/2015,VNM,647.5591705
3172,2/1/2015,VNM,477.5976
3180,10/1/2015,VNM,666.9830409
3181,11/1/2015,VNM,670.3717333
3182,12/1/2015,VNM,698.1812413
3183,1/1/2016,VNM,634.7130357
3184,2/1/2016,VNM,518.2765714
3192,10/1/2016,VNM,799.2569857
3193,11/1/2016,VNM,843.8603636
3194,12/1/2016,VNM,883.32875
3195,1/1/2017,VNM,698.9938864
3196,2/1/2017,VNM,811.19464
3204,10/1/2017,VNM,955.7303727
3205,11/1/2017,VNM,1000.631445
3206,12/1/2017,VNM,1009.132629
3207,1/1/2018,VNM,1006.434
3208,2/1/2018,VNM,716.066435
3216,10/1/2018,VNM,1149.833948
3217,11/1/2018,VNM,1114.722755
3218,12/1/2018,VNM,1062.891695
3219,1/1/2019,VNM,1113.788661
3220,2/1/2019,VNM,754.965015
3228,10/1/2019,VNM,1127.20758
3229,11/1/2019,VNM,1063.874705
3230,12/1/2019,VNM,1120.216827
3231,1/1/2020,VNM,934.8947043
3232,2/1/2020,VNM,930.157155
3240,10/1/2020,VNM,1151.994291
3241,11/1/2020,VNM,1176.0544
3242,12/1/2020,VNM,1317.999565
3243,1/1/2021,VNM,1241.8449
3244,2/1/2021,VNM,980.06787
3252,10/1/2021,VNM,1303.204781
3253,11/1/2021,VNM,1516.330841
3254,12/1/2021,VNM,1570.480122
3255,1/1/2022,VNM,1482.976286
3256,2/1/2022,VNM,1284.58905
3264,10/1/2022,VNM,1604.934729
3265,11/1/2022,VNM,1587.158191
3266,12/1/2022,VNM,1484.514618
3267,1/1/2023,VNM,1239.354109
3268,2/1/2023,VNM,1244.75778
3276,10/1/2023,VNM,1621.276636
3277,11/1/2023,VNM,1619.629932
3278,12/1/2023,VNM,1589.17651
3279,1/1/2024,VNM,1696.483826
3280,2/1/2024,VNM,1270.534752
3288,10/1/2024,VNM,1808.087848
3289,11/1/2024,VNM,1799.8296
3290,12/1/2024,VNM,1911.777891
3291,1/1/2025,VNM,1652.929174
3292,2/1/2025,VNM,1763.303775
